News topics,Links
[Live] สวัสดีตอนเช้า The Real Update 17/08/2023,https://www.innovestx.co.th/wealth-playlist/detail/wealth-playlist/swd-the-real-update-17-08-2023
[Live] สวัสดีตอนเช้า The Real Update 15/08/2023,https://www.innovestx.co.th/wealth-playlist/detail/wealth-playlist/swd-the-real-update-15-08-2023
Bull or Bear next week! : มอง Bull อ่อนๆ ในลักษณะตลาด Kangaroo เป็นอย่างไร?,https://www.innovestx.co.th/wealth-playlist/detail/wealth-playlist/bull-or-bear-next-week!-15082023
ทอล์คหุ้นพื้นฐาน สัปดาห์ 7 - 11 ก.ค. 66 l High Conviction - BBL ณ เวลานี้ดีที่สุด!,https://www.innovestx.co.th/wealth-playlist/detail/wealth-playlist/talkhoon-11082023
Wealth weekend season 2 l จีนเปิดเมืองรอบใหม่ ดอกเบี้ยปลายทาง ลงทุนไงดี,https://www.innovestx.co.th/wealth-playlist/detail/wealth-playlist/wealth-weekend-season-2-l-15082023
[Live] สวัสดีตอนเช้า The Real Update 11/08/2023,https://www.innovestx.co.th/wealth-playlist/detail/wealth-playlist/swd-the-real-update-11-08-2023
[Live] สวัสดีตอนเช้า The Real Update 10/08/2023,https://www.innovestx.co.th/wealth-playlist/detail/wealth-playlist/swd-the-real-update-10-08-2023
[Live] สวัสดีตอนเช้า The Real Update 09/08/2023,https://www.innovestx.co.th/wealth-playlist/detail/wealth-playlist/swd-the-real-update-09-08-2023
[Live] สวัสดีตอนเช้า The Real Update 08/08/2023,https://www.innovestx.co.th/wealth-playlist/detail/wealth-playlist/swd-the-real-07-08-2023
[Live] สวัสดีตอนเช้า The Real Update 07/08/2023,https://www.innovestx.co.th/wealth-playlist/detail/wealth-playlist/SWD-the-real-update-07-08-2023
Bull or Bear next week! : มอง Bear SET ยังมี Downside การเมืองไม่แน่นอน ตลาดต่างประเทศพักฐาน,https://www.innovestx.co.th/wealth-playlist/detail/wealth-playlist/bull-or-bear-next-week!-06082023
ทอล์คหุ้นพื้นฐาน สัปดาห์ 31ส.ค. - 4 ก.ค. 66 l คาดการณ์งบ 2Q66 ของ OR CRC จะเป็นอย่างไร,https://www.innovestx.co.th/wealth-playlist/detail/wealth-playlist/Talkhoon-31July-4Aug2023
Wealth weekend season 2 l Fitch หั่นเครดิตของสหรัฐ USD กลับแข็งค่า การเมืองไทยไร้ข้อสรุป Downside ลึกแค่ไหน,https://www.innovestx.co.th/wealth-playlist/detail/wealth-playlist/wealth-weekend-season-2-05082023
[Live] สวัสดีตอนเช้า The Real Update 04/08/2023,https://www.innovestx.co.th/wealth-playlist/detail/wealth-playlist/swd-the-real-update-04-08-2023
[Live] สวัสดีตอนเช้า The Real Update 03/08/2023,https://www.innovestx.co.th/wealth-playlist/detail/wealth-playlist/swd-the-real-update-03-08-2023
[Live] สวัสดีตอนเช้า The Real Update 31/08/2023,https://www.innovestx.co.th/wealth-playlist/detail/wealth-playlist/SWD-the-real-update-31-08-2023
Wealth weekend season 2 l เฟดมองโอกาส soft landing มากกว่า recession…หุ้นไปต่อยังไง,https://www.innovestx.co.th/wealth-playlist/detail/wealth-playlist/wealth-weekend-season-2-29072023
[Live] สวัสดีตอนเช้า The Real Update 27/07/2023,https://www.innovestx.co.th/wealth-playlist/detail/wealth-playlist/SWD-the-real-update-27-07-2023
[Live] สวัสดีตอนเช้า The Real Update 25/07/2023,https://www.innovestx.co.th/wealth-playlist/detail/wealth-playlist/SWD-the-real-update-25-07-2023
[Live] สวัสดีตอนเช้า The Real Update 24/07/2023,https://www.innovestx.co.th/wealth-playlist/detail/wealth-playlist/SWD-the-real-update-24-07-2023
Bull or Bear next week! : SET ย่อเพื่อขึ้นต่อ,https://www.innovestx.co.th/wealth-playlist/detail/wealth-playlist/bull-or-bear-next-week!-24072023
"ทอล์คหุ้นพื้นฐาน สัปดาห์ 17 - 21 ก.ค. 66 l OSP ฟื้นตัวอย่างแข็งแกร่ง, ONEE เม็ดเงินโฆษณาฟื้น",https://www.innovestx.co.th/wealth-playlist/detail/wealth-playlist/Talk-Hoon-osp-24072023
Wealth weekend season 2 l ปรับพอร์ตรับ ผลประชุมเฟด + การเมืองไทย,https://www.innovestx.co.th/wealth-playlist/detail/wealth-playlist/wealth-weekend-season-2-l-24072023
[Live] สวัสดีตอนเช้า The Real Update 21/07/2023,https://www.innovestx.co.th/wealth-playlist/detail/wealth-playlist/SWD-the-real-update-21-07-2023
[Live] สวัสดีตอนเช้า The Real Update 20/07/2023,https://www.innovestx.co.th/wealth-playlist/detail/wealth-playlist/SWD-the-real-update-20-07-2023
[Live] สวัสดีตอนเช้า The Real Update 18/07/2023,https://www.innovestx.co.th/wealth-playlist/detail/wealth-playlist/SWD-the-real-update-18-07-2023
Bull or Bear next week! : มอง Bull SET ไปถึงไหน?,https://www.innovestx.co.th/wealth-playlist/detail/wealth-playlist/bull-or-bear-next-week!-17072023
ทอล์คหุ้นพื้นฐาน สัปดาห์ 10 - 14 ก.ค. 66 l BCH SCGP Valuation ต่ำ กำไรเริ่มฟื้น,https://www.innovestx.co.th/wealth-playlist/detail/wealth-playlist/talkhoon-14072023
[Live] สวัสดีตอนเช้า The Real Update 17/07/2023,https://www.innovestx.co.th/wealth-playlist/detail/wealth-playlist/SWD-the-real-update-17-07-2023
[Live] สวัสดีตอนเช้า The Real Update 14/07/2023,https://www.innovestx.co.th/wealth-playlist/detail/wealth-playlist/SWD-the-real-update-14-07-2023
[Live] สวัสดีตอนเช้า The Real Update 13/07/2023,https://www.innovestx.co.th/wealth-playlist/detail/wealth-playlist/SWD-the-real-update-13-07-2023
[Live] สวัสดีตอนเช้า The Real Update 12/07/2023,https://www.innovestx.co.th/wealth-playlist/detail/wealth-playlist/SWD-the-real-update-12-07-2023
[Live] สวัสดีตอนเช้า The Real Update 11/07/2023,https://www.innovestx.co.th/wealth-playlist/detail/wealth-playlist/SWD-the-real-update-11-07-2023
Bull or Bear next week! : แม้มีโอกาลทำโลว์ใหม่ แต่คาดเพียงระยะสั้น จับตาการเมืองไทย,https://www.innovestx.co.th/wealth-playlist/detail/wealth-playlist/bull-or-bear-next-week!-10072023
[Live] สวัสดีตอนเช้า The Real Update 10/07/2023,https://www.innovestx.co.th/wealth-playlist/detail/wealth-playlist/SWD-the-real-update-10-07-2023
Wealth weekend season 2 l หุ้นโลก หุ้นเทคฯ หุ้นไทย ปรับลง โอกาสอยู่ตรงไหน?,https://www.innovestx.co.th/wealth-playlist/detail/wealth-playlist/wealth-weekend-season-2-08072023
ทอล์คหุ้นพื้นฐาน สัปดาห์ 3 - 7 ก.ค. 66 l ภาพรวม presales กลุ่มอสังหาฯ หุ้นเด่นคือ AP,https://www.innovestx.co.th/wealth-playlist/detail/wealth-playlist/talkhoon-07072023
[Live] สวัสดีตอนเช้า The Real Update 07/07/2023,https://www.innovestx.co.th/wealth-playlist/detail/wealth-playlist/SWD-the-real-update-07-07-2023
[Live] สวัสดีตอนเช้า The Real Update 06/07/2023,https://www.innovestx.co.th/wealth-playlist/detail/wealth-playlist/SWD-the-real-update-06-07-2023
[Live] สวัสดีตอนเช้า The Real Update 05/07/2023,https://www.innovestx.co.th/wealth-playlist/detail/wealth-playlist/live-%E0%B8%AA%E0%B8%A7-%E0%B8%AA%E0%B8%94-%E0%B8%95%E0%B8%AD%E0%B8%99%E0%B9%80%E0%B8%8A-%E0%B8%B2-the-real-update-05-07-2023
[Live] สวัสดีตอนเช้า The Real Update 03/07/2023,https://www.innovestx.co.th/wealth-playlist/detail/wealth-playlist/Sawasdee-live-03072023
Bull or Bear next week! : ผันผวนแต่น่าซื้อ SET ผันผวนตามการเมือง คาดการณ์ยาก แต่วางกลยุทธ์ง่าย,https://www.innovestx.co.th/wealth-playlist/detail/wealth-playlist/bull-or-bear-next-week!-03072023
ทอล์คหุ้นพื้นฐาน สัปดาห์ 26 - 30 มิ.ย. 66 l ส่องงบกลุ่มแบงค์ กับ พรีวิวไตรมาส 2/66,https://www.innovestx.co.th/wealth-playlist/detail/wealth-playlist/talkhoon-03072023
Wealth weekend season 2 l เงินบาทอ่อนค่า SET หลุด 1500 หุ้นอะไรน่าลงทุน?,https://www.innovestx.co.th/wealth-playlist/detail/wealth-playlist/wealth-weekend-season-30062023
[Live] สวัสดีตอนเช้า The Real Update 29/06/2023,https://www.innovestx.co.th/wealth-playlist/detail/wealth-playlist/SWD-29-06-2023
[Live] สวัสดีตอนเช้า The Real Update 27/06/2023,https://www.innovestx.co.th/wealth-playlist/detail/wealth-playlist/sawasdee-live-27062023
[Live] สวัสดีตอนเช้า The Real Update 26/06/2023,https://www.innovestx.co.th/wealth-playlist/detail/wealth-playlist/sawasdee-26062023
"Wealth weekend season 2 l SET กลับลงมา 1,500 จุด ได้เวลาซื้อ?",https://www.innovestx.co.th/wealth-playlist/detail/wealth-playlist/wealth-weekend-season-2-24062023
[Live] สวัสดีตอนเช้า The Real Update 23/06/2023,https://www.innovestx.co.th/wealth-playlist/detail/wealth-playlist/sawasdee-23062023
[Live] สวัสดีตอนเช้า The Real Update 22/06/2023,https://www.innovestx.co.th/wealth-playlist/detail/wealth-playlist/live-%E0%B8%AA%E0%B8%A7-%E0%B8%AA%E0%B8%94-%E0%B8%95%E0%B8%AD%E0%B8%99%E0%B9%80%E0%B8%8A-%E0%B8%B2-the-real-update-22-06-2023
[Live] สวัสดีตอนเช้า The Real Update 21/06/2023,https://www.innovestx.co.th/wealth-playlist/detail/wealth-playlist/live-%E0%B8%AA%E0%B8%A7-%E0%B8%AA%E0%B8%94-%E0%B8%95%E0%B8%AD%E0%B8%99%E0%B9%80%E0%B8%8A-%E0%B8%B2-the-real-update-21-06-2023
[Live] สวัสดีตอนเช้า The Real Update 20/06/2023,https://www.innovestx.co.th/wealth-playlist/detail/wealth-playlist/live-%E0%B8%AA%E0%B8%A7-%E0%B8%AA%E0%B8%94-%E0%B8%95%E0%B8%AD%E0%B8%99%E0%B9%80%E0%B8%8A-%E0%B8%B2-the-real-update-20-06-2023
[Live] สวัสดีตอนเช้า The Real Update 19/06/2023,https://www.innovestx.co.th/wealth-playlist/detail/wealth-playlist/live-%E0%B8%AA%E0%B8%A7-%E0%B8%AA%E0%B8%94-%E0%B8%95%E0%B8%AD%E0%B8%99%E0%B9%80%E0%B8%8A-%E0%B8%B2-the-real-update-19-06-2023
Bull or Bear next week! 18/06/66 : มอง Bull ตลาดยังส่งสัญญาณดี เน้น Selective หุ้นไหนน่าสนใจ?,https://www.innovestx.co.th/wealth-playlist/detail/wealth-playlist/bull-or-bear-next-week!-18-06-66-%E0%B8%A1%E0%B8%AD%E0%B8%87-bull-%E0%B8%95%E0%B8%A5%E0%B8%B2%E0%B8%94%E0%B8%A2-%E0%B8%87%E0%B8%AA-%E0%B8%87%E0%B8%AA-%E0%B8%8D%E0%B8%8D%E0%B8%B2%E0%B8%93%E0%B8%94-%E0%B9%80%E0%B8%99-%E0%B8%99-selective-%E0%B8%AB-%E0%B8%99%E0%B9%84%E0%B8%AB%E0%B8%99%E0%B8%99-%E0%B8%B2%E0%B8%AA%E0%B8%99%E0%B9%83%E0%B8%88
ทอล์คหุ้นพื้นฐาน สัปดาห์ 12 - 16 มิ.ย. 66 l กลยุทธ์การลงทุน 3Q66,https://www.innovestx.co.th/wealth-playlist/detail/wealth-playlist/%E0%B8%97%E0%B8%AD%E0%B8%A5-%E0%B8%84%E0%B8%AB-%E0%B8%99%E0%B8%9E-%E0%B8%99%E0%B8%90%E0%B8%B2%E0%B8%99-%E0%B8%AA-%E0%B8%9B%E0%B8%94%E0%B8%B2%E0%B8%AB-12---16-%E0%B8%A1-.%E0%B8%A2.-66-l-%E0%B8%81%E0%B8%A5%E0%B8%A2-%E0%B8%97%E0%B8%98-%E0%B8%81%E0%B8%B2%E0%B8%A3%E0%B8%A5%E0%B8%87%E0%B8%97-%E0%B8%99-3q66
Wealth weekend season 2 l ปรับกลยุทธ์อย่างไรเมื่อ FED ECB hawkish ขึ้น,https://www.innovestx.co.th/wealth-playlist/detail/wealth-playlist/wealth-weekend-season-2-l-%E0%B8%9B%E0%B8%A3-%E0%B8%9A%E0%B8%81%E0%B8%A5%E0%B8%A2-%E0%B8%97%E0%B8%98-%E0%B8%AD%E0%B8%A2-%E0%B8%B2%E0%B8%87%E0%B9%84%E0%B8%A3%E0%B9%80%E0%B8%A1-%E0%B8%AD-fed-ecb-hawkish-%E0%B8%82-%E0%B8%99
[Live] สวัสดีตอนเช้า The Real Update 16/06/2023,https://www.innovestx.co.th/wealth-playlist/detail/wealth-playlist/live-%E0%B8%AA%E0%B8%A7-%E0%B8%AA%E0%B8%94-%E0%B8%95%E0%B8%AD%E0%B8%99%E0%B9%80%E0%B8%8A-%E0%B8%B2-the-real-update-16-06-2023
[Live] สวัสดีตอนเช้า The Real Update 15/06/2023,https://www.innovestx.co.th/wealth-playlist/detail/wealth-playlist/live-%E0%B8%AA%E0%B8%A7-%E0%B8%AA%E0%B8%94-%E0%B8%95%E0%B8%AD%E0%B8%99%E0%B9%80%E0%B8%8A-%E0%B8%B2-the-real-update-15-06-2023
[Live] สวัสดีตอนเช้า The Real Update 13/06/2023,https://www.innovestx.co.th/wealth-playlist/detail/wealth-playlist/live-%E0%B8%AA%E0%B8%A7-%E0%B8%AA%E0%B8%94-%E0%B8%95%E0%B8%AD%E0%B8%99%E0%B9%80%E0%B8%8A-%E0%B8%B2-the-real-update-13-06-2023
[Live] สวัสดีตอนเช้า The Real Update 12/06/2023,https://www.innovestx.co.th/wealth-playlist/detail/wealth-playlist/live-%E0%B8%AA%E0%B8%A7-%E0%B8%AA%E0%B8%94-%E0%B8%95%E0%B8%AD%E0%B8%99%E0%B9%80%E0%B8%8A-%E0%B8%B2-the-real-update-12-06-2023
Wealth weekend season 2 l ประชุมเฟดสัปดาห์หน้า ดอกเบี้ย มี Surprise หรือไม่?,https://www.innovestx.co.th/wealth-playlist/detail/wealth-playlist/wealth-weekend-season-2-l-%E0%B8%9B%E0%B8%A3%E0%B8%B0%E0%B8%8A-%E0%B8%A1%E0%B9%80%E0%B8%9F%E0%B8%94%E0%B8%AA-%E0%B8%9B%E0%B8%94%E0%B8%B2%E0%B8%AB-%E0%B8%AB%E0%B8%99-%E0%B8%B2-%E0%B8%94%E0%B8%AD%E0%B8%81%E0%B9%80%E0%B8%9A-%E0%B8%A2-%E0%B8%A1-surprise-%E0%B8%AB%E0%B8%A3-%E0%B8%AD%E0%B9%84%E0%B8%A1
"ทอล์คหุ้นพื้นฐาน สัปดาห์ 6 - 9 มิ.ย. 66 l อัปเดตหุ้น AEONTS, BTS และ Site visit กับ BDMS ที่ระยอง",https://www.innovestx.co.th/wealth-playlist/detail/wealth-playlist/%E0%B8%97%E0%B8%AD%E0%B8%A5-%E0%B8%84%E0%B8%AB-%E0%B8%99%E0%B8%9E-%E0%B8%99%E0%B8%90%E0%B8%B2%E0%B8%99-%E0%B8%AA-%E0%B8%9B%E0%B8%94%E0%B8%B2%E0%B8%AB-6---9-%E0%B8%A1-.%E0%B8%A2.-66-l-%E0%B8%AD-%E0%B8%9B%E0%B9%80%E0%B8%94%E0%B8%95%E0%B8%AB-%E0%B8%99-aeonts-bts-%E0%B9%81%E0%B8%A5%E0%B8%B0-site-visit-%E0%B8%81-%E0%B8%9A-bdms-%E0%B8%97-%E0%B8%A3%E0%B8%B0%E0%B8%A2%E0%B8%AD%E0%B8%87
[Live] สวัสดีตอนเช้า The Real Update 09/06/2023,https://www.innovestx.co.th/wealth-playlist/detail/wealth-playlist/live-%E0%B8%AA%E0%B8%A7-%E0%B8%AA%E0%B8%94-%E0%B8%95%E0%B8%AD%E0%B8%99%E0%B9%80%E0%B8%8A-%E0%B8%B2-the-real-update-09-06-2023
[Live] สวัสดีตอนเช้า The Real Update 08/06/2023,https://www.innovestx.co.th/wealth-playlist/detail/wealth-playlist/live-%E0%B8%AA%E0%B8%A7-%E0%B8%AA%E0%B8%94-%E0%B8%95%E0%B8%AD%E0%B8%99%E0%B9%80%E0%B8%8A-%E0%B8%B2-the-real-update-08-06-2023
Bull or Bear next week! 04/06/66 : มอง BULL แม้แกว่งผันผวนในกรอบ,https://www.innovestx.co.th/wealth-playlist/detail/wealth-playlist/bull-or-bear-next-week!-04-06-66-%E0%B8%A1%E0%B8%AD%E0%B8%87-bull-%E0%B9%81%E0%B8%A1-%E0%B9%81%E0%B8%81%E0%B8%A7-%E0%B8%87%E0%B8%9C-%E0%B8%99%E0%B8%9C%E0%B8%A7%E0%B8%99%E0%B9%83%E0%B8%99%E0%B8%81%E0%B8%A3%E0%B8%AD%E0%B8%9A-%E0%B9%81%E0%B8%95-%E0%B9%80%E0%B8%A5-%E0%B8%AD%E0%B8%81%E0%B8%96-%E0%B8%81%E0%B8%95-%E0%B8%A7-%E0%B8%AA%E0%B8%B2%E0%B8%A1%E0%B8%B2%E0%B8%A3%E0%B8%96%E0%B8%AA%E0%B8%A3-%E0%B8%B2%E0%B8%87%E0%B8%81%E0%B8%B3%E0%B9%84%E0%B8%A3%E0%B9%84%E0%B8%94
Wealth weekend season 2 l จีนยังน่าลงทุนหรือไม่ ในช่วงเศรษฐกิจฟื้น แต่ช้ากว่าคาด,https://www.innovestx.co.th/wealth-playlist/detail/wealth-playlist/wealth-weekend-season-2-l-%E0%B8%88-%E0%B8%99%E0%B8%A2-%E0%B8%87%E0%B8%99-%E0%B8%B2%E0%B8%A5%E0%B8%87%E0%B8%97-%E0%B8%99%E0%B8%AB%E0%B8%A3-%E0%B8%AD%E0%B9%84%E0%B8%A1-%E0%B9%83%E0%B8%99%E0%B8%8A-%E0%B8%A7%E0%B8%87%E0%B9%80%E0%B8%A8%E0%B8%A3%E0%B8%A9%E0%B8%90%E0%B8%81-%E0%B8%88%E0%B8%9F-%E0%B8%99-%E0%B9%81%E0%B8%95-%E0%B8%8A-%E0%B8%B2%E0%B8%81%E0%B8%A7-%E0%B8%B2%E0%B8%84%E0%B8%B2%E0%B8%94
ทอล์คหุ้นพื้นฐาน สัปดาห์ 29 พ.ค. - 2 มิ.ย. 66 l บทวิเคราะห์เจาะลึกกับ OR และ อัปเดตหุ้น HTC,https://www.innovestx.co.th/wealth-playlist/detail/wealth-playlist/%E0%B8%97%E0%B8%AD%E0%B8%A5-%E0%B8%84%E0%B8%AB-%E0%B8%99%E0%B8%9E-%E0%B8%99%E0%B8%90%E0%B8%B2%E0%B8%99-%E0%B8%AA-%E0%B8%9B%E0%B8%94%E0%B8%B2%E0%B8%AB-29-%E0%B8%9E.%E0%B8%84.---2-%E0%B8%A1-.%E0%B8%A2.-66-l-%E0%B8%9A%E0%B8%97%E0%B8%A7-%E0%B9%80%E0%B8%84%E0%B8%A3%E0%B8%B2%E0%B8%B0%E0%B8%AB-%E0%B9%80%E0%B8%88%E0%B8%B2%E0%B8%B0%E0%B8%A5-%E0%B8%81%E0%B8%81-%E0%B8%9A-or-%E0%B9%81%E0%B8%A5%E0%B8%B0-%E0%B8%AD-%E0%B8%9B%E0%B9%80%E0%B8%94%E0%B8%95%E0%B8%AB-%E0%B8%99-htc
[Live] สวัสดีตอนเช้า The Real Update 02/06/2023,https://www.innovestx.co.th/wealth-playlist/detail/wealth-playlist/live-%E0%B8%AA%E0%B8%A7-%E0%B8%AA%E0%B8%94-%E0%B8%95%E0%B8%AD%E0%B8%99%E0%B9%80%E0%B8%8A-%E0%B8%B2-the-real-update-02-06-2023
[Live] สวัสดีตอนเช้า The Real Update 01/06/2023,https://www.innovestx.co.th/wealth-playlist/detail/wealth-playlist/live-%E0%B8%AA%E0%B8%A7-%E0%B8%AA%E0%B8%94-%E0%B8%95%E0%B8%AD%E0%B8%99%E0%B9%80%E0%B8%8A-%E0%B8%B2-the-real-update-01-06-2023
[Live] สวัสดีตอนเช้า The Real Update 30/05/2023,https://www.innovestx.co.th/wealth-playlist/detail/wealth-playlist/live-%E0%B8%AA%E0%B8%A7-%E0%B8%AA%E0%B8%94-%E0%B8%95%E0%B8%AD%E0%B8%99%E0%B9%80%E0%B8%8A-%E0%B8%B2-the-real-update-30-05-2023
Bull or Bear next week! 28/05/66 : มอง Bull Side way ในกรอบ ขึ้นขาย-ลงซื้อ,https://www.innovestx.co.th/wealth-playlist/detail/wealth-playlist/bull-or-bear-next-week!-28-05-66-%E0%B8%A1%E0%B8%AD%E0%B8%87-bull-side-way-%E0%B9%83%E0%B8%99%E0%B8%81%E0%B8%A3%E0%B8%AD%E0%B8%9A-%E0%B8%82-%E0%B8%99%E0%B8%82%E0%B8%B2%E0%B8%A2-%E0%B8%A5%E0%B8%87%E0%B8%8B-%E0%B8%AD
ทอล์คหุ้นพื้นฐาน สัปดาห์ 22 - 26 พ.ค. 66 l CBG ปรับลดประมาณการกำไรปี 66 หลังมาร์จิ้นทำจุดต่ำสุด,https://www.innovestx.co.th/wealth-playlist/detail/wealth-playlist/%E0%B8%97%E0%B8%AD%E0%B8%A5-%E0%B8%84%E0%B8%AB-%E0%B8%99%E0%B8%9E-%E0%B8%99%E0%B8%90%E0%B8%B2%E0%B8%99-%E0%B8%AA-%E0%B8%9B%E0%B8%94%E0%B8%B2%E0%B8%AB-22---26-%E0%B8%9E.%E0%B8%84.-66-l-cbg-%E0%B8%9B%E0%B8%A3-%E0%B8%9A%E0%B8%A5%E0%B8%94%E0%B8%9B%E0%B8%A3%E0%B8%B0%E0%B8%A1%E0%B8%B2%E0%B8%93%E0%B8%81%E0%B8%B2%E0%B8%A3%E0%B8%81%E0%B8%B3%E0%B9%84%E0%B8%A3%E0%B8%9B-66-%E0%B8%AB%E0%B8%A5-%E0%B8%87%E0%B8%A1%E0%B8%B2%E0%B8%A3-%E0%B8%88-%E0%B8%99%E0%B8%97%E0%B8%B3%E0%B8%88-%E0%B8%94%E0%B8%95-%E0%B8%B3%E0%B8%AA-%E0%B8%94
[Live] สวัสดีตอนเช้า The Real Update 29/05/2023,https://www.innovestx.co.th/wealth-playlist/detail/wealth-playlist/live-%E0%B8%AA%E0%B8%A7-%E0%B8%AA%E0%B8%94-%E0%B8%95%E0%B8%AD%E0%B8%99%E0%B9%80%E0%B8%8A-%E0%B8%B2-the-real-update-29-05-2023
[Live] สวัสดีตอนเช้า The Real Update 26/05/2023,https://www.innovestx.co.th/wealth-playlist/detail/wealth-playlist/live-%E0%B8%AA%E0%B8%A7-%E0%B8%AA%E0%B8%94-%E0%B8%95%E0%B8%AD%E0%B8%99%E0%B9%80%E0%B8%8A-%E0%B8%B2-the-real-update-26-05-2023
[Live] สวัสดีตอนเช้า The Real Update 24/05/2023,https://www.innovestx.co.th/wealth-playlist/detail/wealth-playlist/live-%E0%B8%AA%E0%B8%A7-%E0%B8%AA%E0%B8%94-%E0%B8%95%E0%B8%AD%E0%B8%99%E0%B9%80%E0%B8%8A-%E0%B8%B2-the-real-update-24-05-2023
[Live] สวัสดีตอนเช้า The Real Update 23/05/2023,https://www.innovestx.co.th/wealth-playlist/detail/wealth-playlist/live-%E0%B8%AA%E0%B8%A7-%E0%B8%AA%E0%B8%94-%E0%B8%95%E0%B8%AD%E0%B8%99%E0%B9%80%E0%B8%8A-%E0%B8%B2-the-real-update-23-05-2023
[Live] สวัสดีตอนเช้า The Real Update 22/05/2023,https://www.innovestx.co.th/wealth-playlist/detail/wealth-playlist/live-%E0%B8%AA%E0%B8%A7-%E0%B8%AA%E0%B8%94-%E0%B8%95%E0%B8%AD%E0%B8%99%E0%B9%80%E0%B8%8A-%E0%B8%B2-the-real-update-22-05-2023
Wealth weekend season 2 l หุ้นเทคจีนน่าสนใจขึ้นหรือไม่,https://www.innovestx.co.th/wealth-playlist/detail/wealth-playlist/wealth-weekend-season-2-l-%E0%B8%AB-%E0%B8%99%E0%B9%80%E0%B8%97%E0%B8%84%E0%B8%88-%E0%B8%99%E0%B8%99-%E0%B8%B2%E0%B8%AA%E0%B8%99%E0%B9%83%E0%B8%88%E0%B8%82-%E0%B8%99%E0%B8%AB%E0%B8%A3-%E0%B8%AD%E0%B9%84%E0%B8%A1
[Live] สวัสดีตอนเช้า The Real Update 19/05/2023,https://www.innovestx.co.th/wealth-playlist/detail/wealth-playlist/live-%E0%B8%AA%E0%B8%A7-%E0%B8%AA%E0%B8%94-%E0%B8%95%E0%B8%AD%E0%B8%99%E0%B9%80%E0%B8%8A-%E0%B8%B2-the-real-update-19-05-2023
[Live] สวัสดีตอนเช้า The Real Update 18/05/2023,https://www.innovestx.co.th/wealth-playlist/detail/wealth-playlist/live-%E0%B8%AA%E0%B8%A7-%E0%B8%AA%E0%B8%94-%E0%B8%95%E0%B8%AD%E0%B8%99%E0%B9%80%E0%B8%8A-%E0%B8%B2-the-real-update-18-05-2023
[Live] สวัสดีตอนเช้า The Real Update 17/05/2023,https://www.innovestx.co.th/wealth-playlist/detail/wealth-playlist/live-%E0%B8%AA%E0%B8%A7-%E0%B8%AA%E0%B8%94-%E0%B8%95%E0%B8%AD%E0%B8%99%E0%B9%80%E0%B8%8A-%E0%B8%B2-the-real-update-17-05-2023
[Live] สวัสดีตอนเช้า The Real Update 16/05/2023,https://www.innovestx.co.th/wealth-playlist/detail/wealth-playlist/live-%E0%B8%AA%E0%B8%A7-%E0%B8%AA%E0%B8%94-%E0%B8%95%E0%B8%AD%E0%B8%99%E0%B9%80%E0%B8%8A-%E0%B8%B2-the-real-update-16-05-2023
[Live] สวัสดีตอนเช้า The Real Update 15/05/2023,https://www.innovestx.co.th/wealth-playlist/detail/wealth-playlist/live-%E0%B8%AA%E0%B8%A7-%E0%B8%AA%E0%B8%94-%E0%B8%95%E0%B8%AD%E0%B8%99%E0%B9%80%E0%B8%8A-%E0%B8%B2-the-real-update-15-05-2023
Wealth weekend season 2 l ตลาดฟันธง ครั้งหน้าดอกเบี้ยไม่ขึ้น,https://www.innovestx.co.th/wealth-playlist/detail/wealth-playlist/wealth-weekend-season-2-l-%E0%B8%95%E0%B8%A5%E0%B8%B2%E0%B8%94%E0%B8%9F-%E0%B8%99%E0%B8%98%E0%B8%87-%E0%B8%84%E0%B8%A3-%E0%B8%87%E0%B8%AB%E0%B8%99-%E0%B8%B2%E0%B8%94%E0%B8%AD%E0%B8%81%E0%B9%80%E0%B8%9A-%E0%B8%A2%E0%B9%84%E0%B8%A1-%E0%B8%82-%E0%B8%99
[Live] สวัสดีตอนเช้า The Real Update 12/05/2023,https://www.innovestx.co.th/wealth-playlist/detail/wealth-playlist/live-%E0%B8%AA%E0%B8%A7-%E0%B8%AA%E0%B8%94-%E0%B8%95%E0%B8%AD%E0%B8%99%E0%B9%80%E0%B8%8A-%E0%B8%B2-the-real-update-12-05-2023
[Live] สวัสดีตอนเช้า The Real Update 10/05/2023,https://www.innovestx.co.th/wealth-playlist/detail/wealth-playlist/live-%E0%B8%AA%E0%B8%A7-%E0%B8%AA%E0%B8%94-%E0%B8%95%E0%B8%AD%E0%B8%99%E0%B9%80%E0%B8%8A-%E0%B8%B2-the-real-update-10-05-2023
[Live] สวัสดีตอนเช้า The Real Update 09/05/2023,https://www.innovestx.co.th/wealth-playlist/detail/wealth-playlist/live-%E0%B8%AA%E0%B8%A7-%E0%B8%AA%E0%B8%94-%E0%B8%95%E0%B8%AD%E0%B8%99%E0%B9%80%E0%B8%8A-%E0%B8%B2-the-real-update-09-05-2023
[Live] สวัสดีตอนเช้า The Real Update 08/05/2023,https://www.innovestx.co.th/wealth-playlist/detail/wealth-playlist/live-%E0%B8%AA%E0%B8%A7-%E0%B8%AA%E0%B8%94-%E0%B8%95%E0%B8%AD%E0%B8%99%E0%B9%80%E0%B8%8A-%E0%B8%B2-the-real-update-08-05-2023
Bull or Bear next week! 07/05/66 : มอง Bull downside เริ่มจำกัด มองหาโอกาสทำกำไร!,https://www.innovestx.co.th/wealth-playlist/detail/wealth-playlist/bull-or-bear-next-week!-07-05-66-%E0%B8%A1%E0%B8%AD%E0%B8%87-bull-downside-%E0%B9%80%E0%B8%A3-%E0%B8%A1%E0%B8%88%E0%B8%B3%E0%B8%81-%E0%B8%94-%E0%B8%A1%E0%B8%AD%E0%B8%87%E0%B8%AB%E0%B8%B2%E0%B9%82%E0%B8%AD%E0%B8%81%E0%B8%B2%E0%B8%AA%E0%B8%97%E0%B8%B3%E0%B8%81%E0%B8%B3%E0%B9%84%E0%B8%A3!
ทอล์คหุ้นพื้นฐาน สัปดาห์ 2 - 3 พ.ค. 66 l หุ้น CRC SNNP กำไรจะ new high หรือไม่?,https://www.innovestx.co.th/wealth-playlist/detail/wealth-playlist/%E0%B8%97%E0%B8%AD%E0%B8%A5-%E0%B8%84%E0%B8%AB-%E0%B8%99%E0%B8%9E-%E0%B8%99%E0%B8%90%E0%B8%B2%E0%B8%99-%E0%B8%AA-%E0%B8%9B%E0%B8%94%E0%B8%B2%E0%B8%AB-2---3-%E0%B8%9E.%E0%B8%84.-66-l-%E0%B8%AB-%E0%B8%99-crc-snnp-%E0%B8%81%E0%B8%B3%E0%B9%84%E0%B8%A3%E0%B8%88%E0%B8%B0-new-high-%E0%B8%AB%E0%B8%A3-%E0%B8%AD%E0%B9%84%E0%B8%A1
Wealth weekend season 2 l ผลประชุม FED & ECB ตามคาด ทำไมหุ้นยังลง,https://www.innovestx.co.th/wealth-playlist/detail/wealth-playlist/wealth-weekend-season-2-l-%E0%B8%9C%E0%B8%A5%E0%B8%9B%E0%B8%A3%E0%B8%B0%E0%B8%8A-%E0%B8%A1-fed-ecb-%E0%B8%95%E0%B8%B2%E0%B8%A1%E0%B8%84%E0%B8%B2%E0%B8%94-%E0%B8%97%E0%B8%B3%E0%B9%84%E0%B8%A1%E0%B8%AB-%E0%B8%99%E0%B8%A2-%E0%B8%87%E0%B8%A5%E0%B8%87
[Live] สวัสดีตอนเช้า The Real Update 03/05/2023,https://www.innovestx.co.th/wealth-playlist/detail/wealth-playlist/live-%E0%B8%AA%E0%B8%A7-%E0%B8%AA%E0%B8%94-%E0%B8%95%E0%B8%AD%E0%B8%99%E0%B9%80%E0%B8%8A-%E0%B8%B2-the-real-update-03-05-2023
[Live] สวัสดีตอนเช้า The Real Update 02/05/2023,https://www.innovestx.co.th/wealth-playlist/detail/wealth-playlist/live-%E0%B8%AA%E0%B8%A7-%E0%B8%AA%E0%B8%94-%E0%B8%95%E0%B8%AD%E0%B8%99%E0%B9%80%E0%B8%8A-%E0%B8%B2-the-real-update-02-05-2023
Wealth weekend season 2 l Sell in May ปีนี้จะเกิดได้หรือไม่?,https://www.innovestx.co.th/wealth-playlist/detail/wealth-playlist/wealth-weekend-season-2-l-sell-in-may-%E0%B8%9B-%E0%B8%99-%E0%B8%88%E0%B8%B0%E0%B9%80%E0%B8%81-%E0%B8%94%E0%B9%84%E0%B8%94-%E0%B8%AB%E0%B8%A3-%E0%B8%AD%E0%B9%84%E0%B8%A1
[Live] สวัสดีตอนเช้า The Real Update 28/04/2023,https://www.innovestx.co.th/wealth-playlist/detail/wealth-playlist/live-%E0%B8%AA%E0%B8%A7-%E0%B8%AA%E0%B8%94-%E0%B8%95%E0%B8%AD%E0%B8%99%E0%B9%80%E0%B8%8A-%E0%B8%B2-the-real-update-28-04-2023
[Live] สวัสดีตอนเช้า The Real Update 27/04/2023,https://www.innovestx.co.th/wealth-playlist/detail/wealth-playlist/live-%E0%B8%AA%E0%B8%A7-%E0%B8%AA%E0%B8%94-%E0%B8%95%E0%B8%AD%E0%B8%99%E0%B9%80%E0%B8%8A-%E0%B8%B2-the-real-update-27-04-2023
[Live] สวัสดีตอนเช้า The Real Update 26/04/2023,https://www.innovestx.co.th/wealth-playlist/detail/wealth-playlist/live-%E0%B8%AA%E0%B8%A7-%E0%B8%AA%E0%B8%94-%E0%B8%95%E0%B8%AD%E0%B8%99%E0%B9%80%E0%B8%8A-%E0%B8%B2-the-real-update-26-04-2023
[Live] สวัสดีตอนเช้า The Real Update 25/04/2023,https://www.innovestx.co.th/wealth-playlist/detail/wealth-playlist/live-%E0%B8%AA%E0%B8%A7-%E0%B8%AA%E0%B8%94-%E0%B8%95%E0%B8%AD%E0%B8%99%E0%B9%80%E0%B8%8A-%E0%B8%B2-the-real-update-25-04-2023
[Live] สวัสดีตอนเช้า The Real Update 24/04/2023,https://www.innovestx.co.th/wealth-playlist/detail/wealth-playlist/live-%E0%B8%AA%E0%B8%A7-%E0%B8%AA%E0%B8%94-%E0%B8%95%E0%B8%AD%E0%B8%99%E0%B9%80%E0%B8%8A-%E0%B8%B2-the-real-update-24-04-2023
[Live] สวัสดีตอนเช้า The Real Update 21/04/2023,https://www.innovestx.co.th/wealth-playlist/detail/wealth-playlist/live-%E0%B8%AA%E0%B8%A7-%E0%B8%AA%E0%B8%94-%E0%B8%95%E0%B8%AD%E0%B8%99%E0%B9%80%E0%B8%8A-%E0%B8%B2-the-real-update-21-04-2023
[Live] สวัสดีตอนเช้า The Real Update 19/04/2023,https://www.innovestx.co.th/wealth-playlist/detail/wealth-playlist/live-%E0%B8%AA%E0%B8%A7-%E0%B8%AA%E0%B8%94-%E0%B8%95%E0%B8%AD%E0%B8%99%E0%B9%80%E0%B8%8A-%E0%B8%B2-the-real-update-19-04-2023
[Live] สวัสดีตอนเช้า The Real Update 18/04/2023,https://www.innovestx.co.th/wealth-playlist/detail/wealth-playlist/live-%E0%B8%AA%E0%B8%A7-%E0%B8%AA%E0%B8%94-%E0%B8%95%E0%B8%AD%E0%B8%99%E0%B9%80%E0%B8%8A-%E0%B8%B2-the-real-update-18-04-2023
[Live] สวัสดีตอนเช้า The Real Update 17/04/2023,https://www.innovestx.co.th/wealth-playlist/detail/wealth-playlist/live-%E0%B8%AA%E0%B8%A7-%E0%B8%AA%E0%B8%94-%E0%B8%95%E0%B8%AD%E0%B8%99%E0%B9%80%E0%B8%8A-%E0%B8%B2-the-real-update-17-04-2023
Wealth weekend season 2 l สรุปสัปดาห์พิเศษ ลงทุนอย่างไรต่อ? หลังจบสงกรานต์,https://www.innovestx.co.th/wealth-playlist/detail/wealth-playlist/wealth-weekend-season-2-l-%E0%B8%AA%E0%B8%A3-%E0%B8%9B%E0%B8%AA-%E0%B8%9B%E0%B8%94%E0%B8%B2%E0%B8%AB-%E0%B8%9E-%E0%B9%80%E0%B8%A8%E0%B8%A9-%E0%B8%A5%E0%B8%87%E0%B8%97-%E0%B8%99%E0%B8%AD%E0%B8%A2-%E0%B8%B2%E0%B8%87%E0%B9%84%E0%B8%A3%E0%B8%95-%E0%B8%AD-%E0%B8%AB%E0%B8%A5-%E0%B8%87%E0%B8%88%E0%B8%9A%E0%B8%AA%E0%B8%87%E0%B8%81%E0%B8%A3%E0%B8%B2%E0%B8%99%E0%B8%95
[Live] สวัสดีตอนเช้า The Real Update 12/04/2023,https://www.innovestx.co.th/wealth-playlist/detail/wealth-playlist/live-%E0%B8%AA%E0%B8%A7-%E0%B8%AA%E0%B8%94-%E0%B8%95%E0%B8%AD%E0%B8%99%E0%B9%80%E0%B8%8A-%E0%B8%B2-the-real-update-12-04-2023
[Live] สวัสดีตอนเช้า The Real Update 11/04/2023,https://www.innovestx.co.th/wealth-playlist/detail/wealth-playlist/live-%E0%B8%AA%E0%B8%A7-%E0%B8%AA%E0%B8%94-%E0%B8%95%E0%B8%AD%E0%B8%99%E0%B9%80%E0%B8%8A-%E0%B8%B2-the-real-update-11-04-2023
[Live] สวัสดีตอนเช้า The Real Update 10/04/2023 : ตัวเลขจ้างงานสหรัฐฯ นอกภาคเกษตร มี.ค.น้อยกว่าคาด,https://www.innovestx.co.th/wealth-playlist/detail/wealth-playlist/live-%E0%B8%AA%E0%B8%A7-%E0%B8%AA%E0%B8%94-%E0%B8%95%E0%B8%AD%E0%B8%99%E0%B9%80%E0%B8%8A-%E0%B8%B2-the-real-update-10-04-2023-%E0%B8%95-%E0%B8%A7%E0%B9%80%E0%B8%A5%E0%B8%82%E0%B8%88-%E0%B8%B2%E0%B8%87%E0%B8%87%E0%B8%B2%E0%B8%99%E0%B8%AA%E0%B8%AB%E0%B8%A3-%E0%B8%90%E0%B8%AF-%E0%B8%99%E0%B8%AD%E0%B8%81%E0%B8%A0%E0%B8%B2%E0%B8%84%E0%B9%80%E0%B8%81%E0%B8%A9%E0%B8%95%E0%B8%A3-%E0%B8%A1-.%E0%B8%84.%E0%B8%99-%E0%B8%AD%E0%B8%A2%E0%B8%81%E0%B8%A7-%E0%B8%B2%E0%B8%84%E0%B8%B2%E0%B8%94
Bull or Bear next week! : มอง Bull อ่อนตัวเป็นโอกาสในการซื้อ ประเมิน Scenario ของ SET,https://www.innovestx.co.th/wealth-playlist/detail/wealth-playlist/bull-or-bear-next-week!-%E0%B8%A1%E0%B8%AD%E0%B8%87-bull-%E0%B8%AD-%E0%B8%AD%E0%B8%99%E0%B8%95-%E0%B8%A7%E0%B9%80%E0%B8%9B-%E0%B8%99%E0%B9%82%E0%B8%AD%E0%B8%81%E0%B8%B2%E0%B8%AA%E0%B9%83%E0%B8%99%E0%B8%81%E0%B8%B2%E0%B8%A3%E0%B8%8B-%E0%B8%AD-%E0%B8%9B%E0%B8%A3%E0%B8%B0%E0%B9%80%E0%B8%A1-%E0%B8%99-scenario-%E0%B8%82%E0%B8%AD%E0%B8%87-set
ทอล์คหุ้นพื้นฐาน สัปดาห์ 3 - 7 เม.ย. 66 l อุตสาหกรรมยานยนต์คึกคัก หลังมอเตอร์โชว์หุ้นใดได้ประโยชน์?,https://www.innovestx.co.th/wealth-playlist/detail/wealth-playlist/%E0%B8%97%E0%B8%AD%E0%B8%A5-%E0%B8%84%E0%B8%AB-%E0%B8%99%E0%B8%9E-%E0%B8%99%E0%B8%90%E0%B8%B2%E0%B8%99-%E0%B8%AA-%E0%B8%9B%E0%B8%94%E0%B8%B2%E0%B8%AB-3---7-%E0%B9%80%E0%B8%A1.%E0%B8%A2.-66-l-%E0%B8%AD-%E0%B8%95%E0%B8%AA%E0%B8%B2%E0%B8%AB%E0%B8%81%E0%B8%A3%E0%B8%A3%E0%B8%A1%E0%B8%A2%E0%B8%B2%E0%B8%99%E0%B8%A2%E0%B8%99%E0%B8%95-%E0%B8%84-%E0%B8%81%E0%B8%84-%E0%B8%81-%E0%B8%AB%E0%B8%A5-%E0%B8%87%E0%B8%A1%E0%B8%AD%E0%B9%80%E0%B8%95%E0%B8%AD%E0%B8%A3-%E0%B9%82%E0%B8%8A%E0%B8%A7-%E0%B8%AB-%E0%B8%99%E0%B9%83%E0%B8%94%E0%B9%84%E0%B8%94-%E0%B8%9B%E0%B8%A3%E0%B8%B0%E0%B9%82%E0%B8%A2%E0%B8%8A%E0%B8%99
Wealth weekend season 2 l ตลาดแรงงานสหรัฐฯ ชะลอความร้อนแรง  Fed ยังจะขึ้นดอกเบี้ยต่อหรือไม่ ?,https://www.innovestx.co.th/wealth-playlist/detail/wealth-playlist/wealth-weekend-season-2-l-%E0%B8%95%E0%B8%A5%E0%B8%B2%E0%B8%94%E0%B9%81%E0%B8%A3%E0%B8%87%E0%B8%87%E0%B8%B2%E0%B8%99%E0%B8%AA%E0%B8%AB%E0%B8%A3-%E0%B8%90%E0%B8%AF-%E0%B8%8A%E0%B8%B0%E0%B8%A5%E0%B8%AD%E0%B8%84%E0%B8%A7%E0%B8%B2%E0%B8%A1%E0%B8%A3-%E0%B8%AD%E0%B8%99%E0%B9%81%E0%B8%A3%E0%B8%87-fed-%E0%B8%A2-%E0%B8%87%E0%B8%88%E0%B8%B0%E0%B8%82-%E0%B8%99%E0%B8%94%E0%B8%AD%E0%B8%81%E0%B9%80%E0%B8%9A-%E0%B8%A2%E0%B8%95-%E0%B8%AD%E0%B8%AB%E0%B8%A3-%E0%B8%AD%E0%B9%84%E0%B8%A1
[Live] สวัสดีตอนเช้า The Real Update 07/04/2023,https://www.innovestx.co.th/wealth-playlist/detail/wealth-playlist/live-%E0%B8%AA%E0%B8%A7-%E0%B8%AA%E0%B8%94-%E0%B8%95%E0%B8%AD%E0%B8%99%E0%B9%80%E0%B8%8A-%E0%B8%B2-the-real-update-07-04-2023
[Live] สวัสดีตอนเช้า The Real Update 05/04/2023,https://www.innovestx.co.th/wealth-playlist/detail/wealth-playlist/live-%E0%B8%AA%E0%B8%A7-%E0%B8%AA%E0%B8%94-%E0%B8%95%E0%B8%AD%E0%B8%99%E0%B9%80%E0%B8%8A-%E0%B8%B2-the-real-update-05-04-2023
[Live] สวัสดีตอนเช้า The Real Update 04/04/2023,https://www.innovestx.co.th/wealth-playlist/detail/wealth-playlist/live-%E0%B8%AA%E0%B8%A7-%E0%B8%AA%E0%B8%94-%E0%B8%95%E0%B8%AD%E0%B8%99%E0%B9%80%E0%B8%8A-%E0%B8%B2-the-real-update-04-04-2023
[Live]สวัสดีตอนเช้า The Real Update 03/04/2023,https://www.innovestx.co.th/wealth-playlist/detail/wealth-playlist/live-%E0%B8%AA%E0%B8%A7-%E0%B8%AA%E0%B8%94-%E0%B8%95%E0%B8%AD%E0%B8%99%E0%B9%80%E0%B8%8A-%E0%B8%B2-the-real-update-03-04-2023
Wealth weekend season 2 l ลงทุนยังไง? จากสัญญาณบวกของตลาดหุ้นจีน,https://www.innovestx.co.th/wealth-playlist/detail/wealth-playlist/wealth-weekend-season-2-l-%E0%B8%A5%E0%B8%87%E0%B8%97-%E0%B8%99%E0%B8%A2-%E0%B8%87%E0%B9%84%E0%B8%87-%E0%B8%88%E0%B8%B2%E0%B8%81%E0%B8%AA-%E0%B8%8D%E0%B8%8D%E0%B8%B2%E0%B8%93%E0%B8%9A%E0%B8%A7%E0%B8%81%E0%B8%82%E0%B8%AD%E0%B8%87%E0%B8%95%E0%B8%A5%E0%B8%B2%E0%B8%94%E0%B8%AB-%E0%B8%99%E0%B8%88-%E0%B8%99
[Live] สวัสดีตอนเช้า วันที่ 30 มีนาคม 2566,https://www.innovestx.co.th/wealth-playlist/detail/wealth-playlist/live-%E0%B8%AA%E0%B8%A7-%E0%B8%AA%E0%B8%94-%E0%B8%95%E0%B8%AD%E0%B8%99%E0%B9%80%E0%B8%8A-%E0%B8%B2-%E0%B8%A7-%E0%B8%99%E0%B8%97-30-%E0%B8%A1-%E0%B8%99%E0%B8%B2%E0%B8%84%E0%B8%A1-2566
[Live] สวัสดีตอนเช้า วันที่ 29 มีนาคม 2566,https://www.innovestx.co.th/wealth-playlist/detail/wealth-playlist/live-%E0%B8%AA%E0%B8%A7-%E0%B8%AA%E0%B8%94-%E0%B8%95%E0%B8%AD%E0%B8%99%E0%B9%80%E0%B8%8A-%E0%B8%B2-%E0%B8%A7-%E0%B8%99%E0%B8%97-29-%E0%B8%A1-%E0%B8%99%E0%B8%B2%E0%B8%84%E0%B8%A1-2566
[Live] สวัสดีตอนเช้า วันที่ 28 มีนาคม 2566,https://www.innovestx.co.th/wealth-playlist/detail/wealth-playlist/live-%E0%B8%AA%E0%B8%A7-%E0%B8%AA%E0%B8%94-%E0%B8%95%E0%B8%AD%E0%B8%99%E0%B9%80%E0%B8%8A-%E0%B8%B2-%E0%B8%A7-%E0%B8%99%E0%B8%97-28-%E0%B8%A1-%E0%B8%99%E0%B8%B2%E0%B8%84%E0%B8%A1-2566
[Live] สวัสดีตอนเช้า วันที่ 27 มีนาคม 2566,https://www.innovestx.co.th/wealth-playlist/detail/wealth-playlist/live-%E0%B8%AA%E0%B8%A7-%E0%B8%AA%E0%B8%94-%E0%B8%95%E0%B8%AD%E0%B8%99%E0%B9%80%E0%B8%8A-%E0%B8%B2-%E0%B8%A7-%E0%B8%99%E0%B8%97-27-%E0%B8%A1-%E0%B8%99%E0%B8%B2%E0%B8%84%E0%B8%A1-2566
ทอล์คหุ้นพื้นฐาน สัปดาห์ 20 - 24 มี.ค. 66 l ปัญหาสถาบันการเงินโลก กระทบกลุ่มแบงค์แค่ไหน?,https://www.innovestx.co.th/wealth-playlist/detail/wealth-playlist/%E0%B8%97%E0%B8%AD%E0%B8%A5-%E0%B8%84%E0%B8%AB-%E0%B8%99%E0%B8%9E-%E0%B8%99%E0%B8%90%E0%B8%B2%E0%B8%99-%E0%B8%AA-%E0%B8%9B%E0%B8%94%E0%B8%B2%E0%B8%AB-20---24-%E0%B8%A1-.%E0%B8%84.-66-l-%E0%B8%9B-%E0%B8%8D%E0%B8%AB%E0%B8%B2%E0%B8%AA%E0%B8%96%E0%B8%B2%E0%B8%9A-%E0%B8%99%E0%B8%81%E0%B8%B2%E0%B8%A3%E0%B9%80%E0%B8%87-%E0%B8%99%E0%B9%82%E0%B8%A5%E0%B8%81-%E0%B8%81%E0%B8%A3%E0%B8%B0%E0%B8%97%E0%B8%9A%E0%B8%81%E0%B8%A5-%E0%B8%A1%E0%B9%81%E0%B8%9A%E0%B8%87%E0%B8%84-%E0%B9%81%E0%B8%84-%E0%B9%84%E0%B8%AB%E0%B8%99
[Live] สวัสดีตอนเช้า วันที่ 24 มีนาคม 2566,https://www.innovestx.co.th/wealth-playlist/detail/wealth-playlist/live-%E0%B8%AA%E0%B8%A7-%E0%B8%AA%E0%B8%94-%E0%B8%95%E0%B8%AD%E0%B8%99%E0%B9%80%E0%B8%8A-%E0%B8%B2-%E0%B8%A7-%E0%B8%99%E0%B8%97-24-%E0%B8%A1-%E0%B8%99%E0%B8%B2%E0%B8%84%E0%B8%A1-2566
[Live] สวัสดีตอนเช้า วันที่ 23 มีนาคม 2566,https://www.innovestx.co.th/wealth-playlist/detail/wealth-playlist/live-%E0%B8%AA%E0%B8%A7-%E0%B8%AA%E0%B8%94-%E0%B8%95%E0%B8%AD%E0%B8%99%E0%B9%80%E0%B8%8A-%E0%B8%B2-%E0%B8%A7-%E0%B8%99%E0%B8%97-23-%E0%B8%A1-%E0%B8%99%E0%B8%B2%E0%B8%84%E0%B8%A1-2566
[Live] สวัสดีตอนเช้า วันที่ 22 มีนาคม 2566,https://www.innovestx.co.th/wealth-playlist/detail/wealth-playlist/live-%E0%B8%AA%E0%B8%A7-%E0%B8%AA%E0%B8%94-%E0%B8%95%E0%B8%AD%E0%B8%99%E0%B9%80%E0%B8%8A-%E0%B8%B2-%E0%B8%A7-%E0%B8%99%E0%B8%97-22-%E0%B8%A1-%E0%B8%99%E0%B8%B2%E0%B8%84%E0%B8%A1-2566
[Live] สวัสดีตอนเช้า วันที่ 21 มีนาคม 2566,https://www.innovestx.co.th/wealth-playlist/detail/wealth-playlist/live-%E0%B8%AA%E0%B8%A7-%E0%B8%AA%E0%B8%94-%E0%B8%95%E0%B8%AD%E0%B8%99%E0%B9%80%E0%B8%8A-%E0%B8%B2-%E0%B8%A7-%E0%B8%99%E0%B8%97-21-%E0%B8%A1-%E0%B8%99%E0%B8%B2%E0%B8%84%E0%B8%A1-2566
Bull or Bear next week! : ทำไมมอง Bull ดูจากสัญญาณอะไร,https://www.innovestx.co.th/wealth-playlist/detail/wealth-playlist/bull-or-bear-next-week!-%E0%B8%97%E0%B8%B3%E0%B9%84%E0%B8%A1%E0%B8%A1%E0%B8%AD%E0%B8%87-bull-%E0%B8%94-%E0%B8%88%E0%B8%B2%E0%B8%81%E0%B8%AA-%E0%B8%8D%E0%B8%8D%E0%B8%B2%E0%B8%93%E0%B8%AD%E0%B8%B0%E0%B9%84%E0%B8%A3
Wealth weekend season 2 l Fed ขึ้นหรือไม่ขึ้น ลงทุนยังไงท่ามกลางวิกฤติ,https://www.innovestx.co.th/wealth-playlist/detail/wealth-playlist/wealth-weekend-season-2-l-fed-%E0%B8%82-%E0%B8%99%E0%B8%AB%E0%B8%A3-%E0%B8%AD%E0%B9%84%E0%B8%A1-%E0%B8%82-%E0%B8%99-%E0%B8%A5%E0%B8%87%E0%B8%97-%E0%B8%99%E0%B8%A2-%E0%B8%87%E0%B9%84%E0%B8%87%E0%B8%97-%E0%B8%B2%E0%B8%A1%E0%B8%81%E0%B8%A5%E0%B8%B2%E0%B8%87%E0%B8%A7-%E0%B8%81%E0%B8%A4%E0%B8%95
ทอล์คหุ้นพื้นฐาน สัปดาห์ 13 - 17 มี.ค. 66 l ZEN ปี 2566 จะโตแรงต่อได้อีก ปัจจัยหนุนคืออะไร,https://www.innovestx.co.th/wealth-playlist/detail/wealth-playlist/%E0%B8%97%E0%B8%AD%E0%B8%A5-%E0%B8%84%E0%B8%AB-%E0%B8%99%E0%B8%9E-%E0%B8%99%E0%B8%90%E0%B8%B2%E0%B8%99-%E0%B8%AA-%E0%B8%9B%E0%B8%94%E0%B8%B2%E0%B8%AB-13---17-%E0%B8%A1-.%E0%B8%84.-66-l-zen-%E0%B8%9B-2566-%E0%B8%88%E0%B8%B0%E0%B9%82%E0%B8%95%E0%B9%81%E0%B8%A3%E0%B8%87%E0%B8%95-%E0%B8%AD%E0%B9%84%E0%B8%94-%E0%B8%AD-%E0%B8%81-%E0%B8%9B-%E0%B8%88%E0%B8%88-%E0%B8%A2%E0%B8%AB%E0%B8%99-%E0%B8%99%E0%B8%84-%E0%B8%AD%E0%B8%AD%E0%B8%B0%E0%B9%84%E0%B8%A3
[Live]สวัสดีตอนเช้า วันที่ 17 มีนาคม 2566,https://www.innovestx.co.th/wealth-playlist/detail/wealth-playlist/live-%E0%B8%AA%E0%B8%A7-%E0%B8%AA%E0%B8%94-%E0%B8%95%E0%B8%AD%E0%B8%99%E0%B9%80%E0%B8%8A-%E0%B8%B2-%E0%B8%A7-%E0%B8%99%E0%B8%97-17-%E0%B8%A1-%E0%B8%99%E0%B8%B2%E0%B8%84%E0%B8%A1-2566
[Live] สวัสดีตอนเช้า วันที่ 16 มีนาคม 2566,https://www.innovestx.co.th/wealth-playlist/detail/wealth-playlist/live-%E0%B8%AA%E0%B8%A7-%E0%B8%AA%E0%B8%94-%E0%B8%95%E0%B8%AD%E0%B8%99%E0%B9%80%E0%B8%8A-%E0%B8%B2-%E0%B8%A7-%E0%B8%99%E0%B8%97-16-%E0%B8%A1-%E0%B8%99%E0%B8%B2%E0%B8%84%E0%B8%A1-2566
[Live] สวัสดีตอนเช้า วันที่ 15 มีนาคม 2566,https://www.innovestx.co.th/wealth-playlist/detail/wealth-playlist/live-%E0%B8%AA%E0%B8%A7-%E0%B8%AA%E0%B8%94-%E0%B8%95%E0%B8%AD%E0%B8%99%E0%B9%80%E0%B8%8A-%E0%B8%B2-%E0%B8%A7-%E0%B8%99%E0%B8%97-15-%E0%B8%A1-%E0%B8%99%E0%B8%B2%E0%B8%84%E0%B8%A1-2566
[Live] สวัสดีตอนเช้า วันที่ 14 มีนาคม 2566,https://www.innovestx.co.th/wealth-playlist/detail/wealth-playlist/live-%E0%B8%AA%E0%B8%A7-%E0%B8%AA%E0%B8%94-%E0%B8%95%E0%B8%AD%E0%B8%99%E0%B9%80%E0%B8%8A-%E0%B8%B2-%E0%B8%A7-%E0%B8%99%E0%B8%97-14-%E0%B8%A1-%E0%B8%99%E0%B8%B2%E0%B8%84%E0%B8%A1-2566
[Live] สวัสดีตอนเช้า วันที่ 13 มีนาคม 2566,https://www.innovestx.co.th/wealth-playlist/detail/wealth-playlist/live-%E0%B8%AA%E0%B8%A7-%E0%B8%AA%E0%B8%94-%E0%B8%95%E0%B8%AD%E0%B8%99%E0%B9%80%E0%B8%8A-%E0%B8%B2-%E0%B8%A7-%E0%B8%99%E0%B8%97-13-%E0%B8%A1-%E0%B8%99%E0%B8%B2%E0%B8%84%E0%B8%A1-2566
Bull or Bear next week! : มอง BULL อ่อนตัวเป็นโอกาสในการซื้อ,https://www.innovestx.co.th/wealth-playlist/detail/wealth-playlist/bull-or-bear-next-week!-%E0%B8%A1%E0%B8%AD%E0%B8%87-bull-%E0%B8%AD-%E0%B8%AD%E0%B8%99%E0%B8%95-%E0%B8%A7%E0%B9%80%E0%B8%9B-%E0%B8%99%E0%B9%82%E0%B8%AD%E0%B8%81%E0%B8%B2%E0%B8%AA%E0%B9%83%E0%B8%99%E0%B8%81%E0%B8%B2%E0%B8%A3%E0%B8%8B-%E0%B8%AD
Wealth weekend season 2 l หาก Fed ขึ้นดอกเบี้ยถึง 6% จะกระทบตลาดอย่างไร? รอซื้อหรือรอก่อน,https://www.innovestx.co.th/wealth-playlist/detail/wealth-playlist/wealth-weekend-season-2-l-%E0%B8%AB%E0%B8%B2%E0%B8%81-fed-%E0%B8%82-%E0%B8%99%E0%B8%94%E0%B8%AD%E0%B8%81%E0%B9%80%E0%B8%9A-%E0%B8%A2%E0%B8%96-%E0%B8%87-6-%E0%B8%88%E0%B8%B0%E0%B8%81%E0%B8%A3%E0%B8%B0%E0%B8%97%E0%B8%9A%E0%B8%95%E0%B8%A5%E0%B8%B2%E0%B8%94%E0%B8%AD%E0%B8%A2-%E0%B8%B2%E0%B8%87%E0%B9%84%E0%B8%A3-%E0%B8%A3%E0%B8%AD%E0%B8%8B-%E0%B8%AD%E0%B8%AB%E0%B8%A3-%E0%B8%AD%E0%B8%A3%E0%B8%AD%E0%B8%81-%E0%B8%AD%E0%B8%99
ทอล์คหุ้นพื้นฐาน 6 - 10 มี.ค. 66 l กลยุทธ์ 2Q66 ต้นร้ายร้ายกว่าที่คิด ปลายดีไม่ดีเท่าที่หวัง,https://www.innovestx.co.th/wealth-playlist/detail/wealth-playlist/%E0%B8%97%E0%B8%AD%E0%B8%A5-%E0%B8%84%E0%B8%AB-%E0%B8%99%E0%B8%9E-%E0%B8%99%E0%B8%90%E0%B8%B2%E0%B8%99-6---10-%E0%B8%A1-.%E0%B8%84.-66-l-%E0%B8%81%E0%B8%A5%E0%B8%A2-%E0%B8%97%E0%B8%98-2q66-%E0%B8%95-%E0%B8%99%E0%B8%A3-%E0%B8%B2%E0%B8%A2%E0%B8%A3-%E0%B8%B2%E0%B8%A2%E0%B8%81%E0%B8%A7-%E0%B8%B2%E0%B8%97-%E0%B8%84-%E0%B8%94-%E0%B8%9B%E0%B8%A5%E0%B8%B2%E0%B8%A2%E0%B8%94-%E0%B9%84%E0%B8%A1-%E0%B8%94-%E0%B9%80%E0%B8%97-%E0%B8%B2%E0%B8%97-%E0%B8%AB%E0%B8%A7-%E0%B8%87
[Live] สวัสดีตอนเช้า วันที่ 10 มีนาคม 2566,https://www.innovestx.co.th/wealth-playlist/detail/wealth-playlist/live-%E0%B8%AA%E0%B8%A7-%E0%B8%AA%E0%B8%94-%E0%B8%95%E0%B8%AD%E0%B8%99%E0%B9%80%E0%B8%8A-%E0%B8%B2-%E0%B8%A7-%E0%B8%99%E0%B8%97-10-%E0%B8%A1-%E0%B8%99%E0%B8%B2%E0%B8%84%E0%B8%A1-2566
[Live] สวัสดีตอนเช้า วันที่ 9 มีนาคม 2566,https://www.innovestx.co.th/wealth-playlist/detail/wealth-playlist/live-%E0%B8%AA%E0%B8%A7-%E0%B8%AA%E0%B8%94-%E0%B8%95%E0%B8%AD%E0%B8%99%E0%B9%80%E0%B8%8A-%E0%B8%B2-%E0%B8%A7-%E0%B8%99%E0%B8%97-9-%E0%B8%A1-%E0%B8%99%E0%B8%B2%E0%B8%84%E0%B8%A1-2566
[Live] สวัสดีตอนเช้า วันที่ 8 มีนาคม 2566,https://www.innovestx.co.th/wealth-playlist/detail/wealth-playlist/live-%E0%B8%AA%E0%B8%A7-%E0%B8%AA%E0%B8%94-%E0%B8%95%E0%B8%AD%E0%B8%99%E0%B9%80%E0%B8%8A-%E0%B8%B2-%E0%B8%A7-%E0%B8%99%E0%B8%97-8-%E0%B8%A1-%E0%B8%99%E0%B8%B2%E0%B8%84%E0%B8%A1-2566
[Live] สวัสดีตอนเช้า วันที่ 7 มีนาคม 2566,https://www.innovestx.co.th/wealth-playlist/detail/wealth-playlist/live-%E0%B8%AA%E0%B8%A7-%E0%B8%AA%E0%B8%94-%E0%B8%95%E0%B8%AD%E0%B8%99%E0%B9%80%E0%B8%8A-%E0%B8%B2-%E0%B8%A7-%E0%B8%99%E0%B8%97-7-%E0%B8%A1-%E0%B8%99%E0%B8%B2%E0%B8%84%E0%B8%A1-2566
Bull or Bear next week! : มอง Bull ยังเป็นโอกาสซื้อ ลุ้นฟื้นตัวจากจุดเริ่มต้น,https://www.innovestx.co.th/wealth-playlist/detail/wealth-playlist/bull-or-bear-next-week!-%E0%B8%A1%E0%B8%AD%E0%B8%87-bull-%E0%B8%A2-%E0%B8%87%E0%B9%80%E0%B8%9B-%E0%B8%99%E0%B9%82%E0%B8%AD%E0%B8%81%E0%B8%B2%E0%B8%AA%E0%B8%8B-%E0%B8%AD-%E0%B8%A5-%E0%B8%99%E0%B8%9F-%E0%B8%99%E0%B8%95-%E0%B8%A7%E0%B8%88%E0%B8%B2%E0%B8%81%E0%B8%88-%E0%B8%94%E0%B9%80%E0%B8%A3-%E0%B8%A1%E0%B8%95-%E0%B8%99
ทอล์คหุ้นพื้นฐาน สัปดาห์ 27 ก.พ. - 3 มี.ค. 66 l AH ทำสถิติกำไรปกติสูงสุดใน 4Q65 ราคาหุ้นน่าสนใจ,https://www.innovestx.co.th/wealth-playlist/detail/wealth-playlist/%E0%B8%97%E0%B8%AD%E0%B8%A5-%E0%B8%84%E0%B8%AB-%E0%B8%99%E0%B8%9E-%E0%B8%99%E0%B8%90%E0%B8%B2%E0%B8%99-%E0%B8%AA-%E0%B8%9B%E0%B8%94%E0%B8%B2%E0%B8%AB-27-%E0%B8%81.%E0%B8%9E.---3-%E0%B8%A1-.%E0%B8%84.-66-l-ah-%E0%B8%97%E0%B8%B3%E0%B8%AA%E0%B8%96-%E0%B8%95-%E0%B8%81%E0%B8%B3%E0%B9%84%E0%B8%A3%E0%B8%9B%E0%B8%81%E0%B8%95-%E0%B8%AA-%E0%B8%87%E0%B8%AA-%E0%B8%94%E0%B9%83%E0%B8%99-4q65-%E0%B8%A3%E0%B8%B2%E0%B8%84%E0%B8%B2%E0%B8%AB-%E0%B8%99%E0%B8%99-%E0%B8%B2%E0%B8%AA%E0%B8%99%E0%B9%83%E0%B8%88
"Wealth weekend season 2 l ตลาดหุ้นไทยตก เข้าใกล้ 1,600 ได้จังหวะช้อนซื้อ?",https://www.innovestx.co.th/wealth-playlist/detail/wealth-playlist/wealth-weekend-season-2-l-%E0%B8%95%E0%B8%A5%E0%B8%B2%E0%B8%94%E0%B8%AB-%E0%B8%99%E0%B9%84%E0%B8%97%E0%B8%A2%E0%B8%95%E0%B8%81-%E0%B9%80%E0%B8%82-%E0%B8%B2%E0%B9%83%E0%B8%81%E0%B8%A5-1-600-%E0%B9%84%E0%B8%94-%E0%B8%88-%E0%B8%87%E0%B8%AB%E0%B8%A7%E0%B8%B0%E0%B8%8A-%E0%B8%AD%E0%B8%99%E0%B8%8B-%E0%B8%AD
[Live] สวัสดีตอนเช้า วันที่ 3 มีนาคม 2566,https://www.innovestx.co.th/wealth-playlist/detail/wealth-playlist/live-%E0%B8%AA%E0%B8%A7-%E0%B8%AA%E0%B8%94-%E0%B8%95%E0%B8%AD%E0%B8%99%E0%B9%80%E0%B8%8A-%E0%B8%B2-%E0%B8%A7-%E0%B8%99%E0%B8%97-3-%E0%B8%A1-%E0%B8%99%E0%B8%B2%E0%B8%84%E0%B8%A1-2566
[Live] สวัสดีตอนเช้า 2 มีนาคม 2566,https://www.innovestx.co.th/wealth-playlist/detail/wealth-playlist/live-%E0%B8%AA%E0%B8%A7-%E0%B8%AA%E0%B8%94-%E0%B8%95%E0%B8%AD%E0%B8%99%E0%B9%80%E0%B8%8A-%E0%B8%B2-2-%E0%B8%A1-%E0%B8%99%E0%B8%B2%E0%B8%84%E0%B8%A1-2566
[Live] สวัสดีตอนเช้า วันที่ 1 มีนาคม 2566,https://www.innovestx.co.th/wealth-playlist/detail/wealth-playlist/live-%E0%B8%AA%E0%B8%A7-%E0%B8%AA%E0%B8%94-%E0%B8%95%E0%B8%AD%E0%B8%99%E0%B9%80%E0%B8%8A-%E0%B8%B2-%E0%B8%A7-%E0%B8%99%E0%B8%97-1-%E0%B8%A1-%E0%B8%99%E0%B8%B2%E0%B8%84%E0%B8%A1-2566
[Live] สวัสดีตอนเช้า วันที่ 28 กุมภาพันธ์ 2566,https://www.innovestx.co.th/wealth-playlist/detail/wealth-playlist/live-%E0%B8%AA%E0%B8%A7-%E0%B8%AA%E0%B8%94-%E0%B8%95%E0%B8%AD%E0%B8%99%E0%B9%80%E0%B8%8A-%E0%B8%B2-%E0%B8%A7-%E0%B8%99%E0%B8%97-28-%E0%B8%81-%E0%B8%A1%E0%B8%A0%E0%B8%B2%E0%B8%9E-%E0%B8%99%E0%B8%98-2566
[Live] สวัสดีตอนเช้า วันที่ 27 กุมภาพันธ์ 2566,https://www.innovestx.co.th/wealth-playlist/detail/wealth-playlist/live-%E0%B8%AA%E0%B8%A7-%E0%B8%AA%E0%B8%94-%E0%B8%95%E0%B8%AD%E0%B8%99%E0%B9%80%E0%B8%8A-%E0%B8%B2-%E0%B8%A7-%E0%B8%99%E0%B8%97-27-%E0%B8%81-%E0%B8%A1%E0%B8%A0%E0%B8%B2%E0%B8%9E-%E0%B8%99%E0%B8%98-2566
Bull or Bear next week! : มอง Bull อดทนอีกนิด ติดตามแนวรับเพื่อฟื้นตัว,https://www.innovestx.co.th/wealth-playlist/detail/wealth-playlist/bull-or-bear-next-week!-%E0%B8%A1%E0%B8%AD%E0%B8%87-bull-%E0%B8%AD%E0%B8%94%E0%B8%97%E0%B8%99%E0%B8%AD-%E0%B8%81%E0%B8%99-%E0%B8%94-%E0%B8%95-%E0%B8%94%E0%B8%95%E0%B8%B2%E0%B8%A1%E0%B9%81%E0%B8%99%E0%B8%A7%E0%B8%A3-%E0%B8%9A%E0%B9%80%E0%B8%9E-%E0%B8%AD%E0%B8%9F-%E0%B8%99%E0%B8%95-%E0%B8%A7
Wealth weekend season 2 l กระแสเงินยังไหลออก หลังตลาดเริ่มมอง FED อาจขึ้นดอกเบี้ย 50 bps,https://www.innovestx.co.th/wealth-playlist/detail/wealth-playlist/wealth-weekend-season-2-l-%E0%B8%81%E0%B8%A3%E0%B8%B0%E0%B9%81%E0%B8%AA%E0%B9%80%E0%B8%87-%E0%B8%99%E0%B8%A2-%E0%B8%87%E0%B9%84%E0%B8%AB%E0%B8%A5%E0%B8%AD%E0%B8%AD%E0%B8%81-%E0%B8%AB%E0%B8%A5-%E0%B8%87%E0%B8%95%E0%B8%A5%E0%B8%B2%E0%B8%94%E0%B9%80%E0%B8%A3-%E0%B8%A1%E0%B8%A1%E0%B8%AD%E0%B8%87-fed-%E0%B8%AD%E0%B8%B2%E0%B8%88%E0%B8%82-%E0%B8%99%E0%B8%94%E0%B8%AD%E0%B8%81%E0%B9%80%E0%B8%9A-%E0%B8%A2-50-bps
"ทอล์คหุ้นพื้นฐาน สัปดาห์ 20 - 24 ก.พ. 66 l AU กำไรปี 65 โตกว่า 2,850% ปีนี้จะเป็นอย่างไร?",https://www.innovestx.co.th/wealth-playlist/detail/wealth-playlist/%E0%B8%97%E0%B8%AD%E0%B8%A5-%E0%B8%84%E0%B8%AB-%E0%B8%99%E0%B8%9E-%E0%B8%99%E0%B8%90%E0%B8%B2%E0%B8%99-%E0%B8%AA-%E0%B8%9B%E0%B8%94%E0%B8%B2%E0%B8%AB-20---24-%E0%B8%81.%E0%B8%9E.-66-l-au-%E0%B8%81%E0%B8%B3%E0%B9%84%E0%B8%A3%E0%B8%9B-65-%E0%B9%82%E0%B8%95%E0%B8%81%E0%B8%A7-%E0%B8%B2-2-850-%E0%B8%9B-%E0%B8%99-%E0%B8%88%E0%B8%B0%E0%B9%80%E0%B8%9B-%E0%B8%99%E0%B8%AD%E0%B8%A2-%E0%B8%B2%E0%B8%87%E0%B9%84%E0%B8%A3
[Live] สวัสดีตอนเช้า วันที่ 24 กุมภาพันธ์ 2566,https://www.innovestx.co.th/wealth-playlist/detail/wealth-playlist/live-%E0%B8%AA%E0%B8%A7-%E0%B8%AA%E0%B8%94-%E0%B8%95%E0%B8%AD%E0%B8%99%E0%B9%80%E0%B8%8A-%E0%B8%B2-%E0%B8%A7-%E0%B8%99%E0%B8%97-24-%E0%B8%81-%E0%B8%A1%E0%B8%A0%E0%B8%B2%E0%B8%9E-%E0%B8%99%E0%B8%98-2566
[Live]  สวัสดีตอนเช้า วันที่ 23 กุมภาพันธ์ 2566,https://www.innovestx.co.th/wealth-playlist/detail/wealth-playlist/live-%E0%B8%AA%E0%B8%A7-%E0%B8%AA%E0%B8%94-%E0%B8%95%E0%B8%AD%E0%B8%99%E0%B9%80%E0%B8%8A-%E0%B8%B2-%E0%B8%A7-%E0%B8%99%E0%B8%97-23-%E0%B8%81-%E0%B8%A1%E0%B8%A0%E0%B8%B2%E0%B8%9E-%E0%B8%99%E0%B8%98-2566
[Live] สวัสดีตอนเช้า วันที่ 22 กุมภาพันธ์ 2566,https://www.innovestx.co.th/wealth-playlist/detail/wealth-playlist/live-%E0%B8%AA%E0%B8%A7-%E0%B8%AA%E0%B8%94-%E0%B8%95%E0%B8%AD%E0%B8%99%E0%B9%80%E0%B8%8A-%E0%B8%B2-%E0%B8%A7-%E0%B8%99%E0%B8%97-22-%E0%B8%81-%E0%B8%A1%E0%B8%A0%E0%B8%B2%E0%B8%9E-%E0%B8%99%E0%B8%98-2566
[Live] สวัสดีตอนเช้า วันที่ 21 กุมภาพันธ์ 2566,https://www.innovestx.co.th/wealth-playlist/detail/wealth-playlist/live-%E0%B8%AA%E0%B8%A7-%E0%B8%AA%E0%B8%94-%E0%B8%95%E0%B8%AD%E0%B8%99%E0%B9%80%E0%B8%8A-%E0%B8%B2-%E0%B8%A7-%E0%B8%99%E0%B8%97-21-%E0%B8%81-%E0%B8%A1%E0%B8%A0%E0%B8%B2%E0%B8%9E-%E0%B8%99%E0%B8%98-2566
Wealth weekend season 2 l GDP ต่ำคาด ต่างชาติยังขายไม่หยุด 1650 เอาอยู่หรือไม่,https://www.innovestx.co.th/wealth-playlist/detail/wealth-playlist/wealth-weekend-season-2-l-gdp-%E0%B8%95-%E0%B8%B3%E0%B8%84%E0%B8%B2%E0%B8%94-%E0%B8%95-%E0%B8%B2%E0%B8%87%E0%B8%8A%E0%B8%B2%E0%B8%95-%E0%B8%A2-%E0%B8%87%E0%B8%82%E0%B8%B2%E0%B8%A2%E0%B9%84%E0%B8%A1-%E0%B8%AB%E0%B8%A2-%E0%B8%94-1650-%E0%B9%80%E0%B8%AD%E0%B8%B2%E0%B8%AD%E0%B8%A2-%E0%B8%AB%E0%B8%A3-%E0%B8%AD%E0%B9%84%E0%B8%A1
ทอล์คหุ้นพื้นฐาน สัปดาห์ 13 - 17 ก.พ. 66 l GPSC 4Q65 ขาดทุนหนัก แต่ราคาหุ้นกลับบวก?,https://www.innovestx.co.th/wealth-playlist/detail/wealth-playlist/%E0%B8%97%E0%B8%AD%E0%B8%A5-%E0%B8%84%E0%B8%AB-%E0%B8%99%E0%B8%9E-%E0%B8%99%E0%B8%90%E0%B8%B2%E0%B8%99-%E0%B8%AA-%E0%B8%9B%E0%B8%94%E0%B8%B2%E0%B8%AB-13---17-%E0%B8%81.%E0%B8%9E.-66-l-gpsc-4q65-%E0%B8%82%E0%B8%B2%E0%B8%94%E0%B8%97-%E0%B8%99%E0%B8%AB%E0%B8%99-%E0%B8%81-%E0%B9%81%E0%B8%95-%E0%B8%A3%E0%B8%B2%E0%B8%84%E0%B8%B2%E0%B8%AB-%E0%B8%99%E0%B8%81%E0%B8%A5-%E0%B8%9A%E0%B8%9A%E0%B8%A7%E0%B8%81
[Live] สวัสดีตอนเช้า วันที่ 17 กุมภาพันธ์ 2566,https://www.innovestx.co.th/wealth-playlist/detail/wealth-playlist/live-%E0%B8%AA%E0%B8%A7-%E0%B8%AA%E0%B8%94-%E0%B8%95%E0%B8%AD%E0%B8%99%E0%B9%80%E0%B8%8A-%E0%B8%B2-%E0%B8%A7-%E0%B8%99%E0%B8%97-17-%E0%B8%81-%E0%B8%A1%E0%B8%A0%E0%B8%B2%E0%B8%9E-%E0%B8%99%E0%B8%98-2566
[Live] สวัสดีตอนเช้า วันที่ 16 กุมภาพันธ์ 2566,https://www.innovestx.co.th/wealth-playlist/detail/wealth-playlist/live-%E0%B8%AA%E0%B8%A7-%E0%B8%AA%E0%B8%94-%E0%B8%95%E0%B8%AD%E0%B8%99%E0%B9%80%E0%B8%8A-%E0%B8%B2-%E0%B8%A7-%E0%B8%99%E0%B8%97-16-%E0%B8%81-%E0%B8%A1%E0%B8%A0%E0%B8%B2%E0%B8%9E-%E0%B8%99%E0%B8%98-2566
[Live] สวัสดีตอนเช้า วันที่ 15 กุมภาพันธ์ 2566,https://www.innovestx.co.th/wealth-playlist/detail/wealth-playlist/live-%E0%B8%AA%E0%B8%A7-%E0%B8%AA%E0%B8%94-%E0%B8%95%E0%B8%AD%E0%B8%99%E0%B9%80%E0%B8%8A-%E0%B8%B2-%E0%B8%A7-%E0%B8%99%E0%B8%97-15-%E0%B8%81-%E0%B8%A1%E0%B8%A0%E0%B8%B2%E0%B8%9E-%E0%B8%99%E0%B8%98-2566
[Live] สวัสดีตอนเช้า วันที่ 14 กุมภาพันธ์ 2566,https://www.innovestx.co.th/wealth-playlist/detail/wealth-playlist/live-%E0%B8%AA%E0%B8%A7-%E0%B8%AA%E0%B8%94-%E0%B8%95%E0%B8%AD%E0%B8%99%E0%B9%80%E0%B8%8A-%E0%B8%B2-%E0%B8%A7-%E0%B8%99%E0%B8%97-14-%E0%B8%81-%E0%B8%A1%E0%B8%A0%E0%B8%B2%E0%B8%9E-%E0%B8%99%E0%B8%98-2566
[Live] สวัสดีตอนเช้า วันที่ 13 กุมภาพันธ์ 2566,https://www.innovestx.co.th/wealth-playlist/detail/wealth-playlist/live-%E0%B8%AA%E0%B8%A7-%E0%B8%AA%E0%B8%94-%E0%B8%95%E0%B8%AD%E0%B8%99%E0%B9%80%E0%B8%8A-%E0%B8%B2-%E0%B8%A7-%E0%B8%99%E0%B8%97-13-%E0%B8%81-%E0%B8%A1%E0%B8%A0%E0%B8%B2%E0%B8%9E-%E0%B8%99%E0%B8%98-2566
Bull or Bear next week! : มอง Bull โอกาสในการซื้อ วัดกันที่รายงานเงินเฟ้อสหรัฐอังคารนี้,https://www.innovestx.co.th/wealth-playlist/detail/wealth-playlist/bull-or-bear-next-week!-%E0%B8%A1%E0%B8%AD%E0%B8%87-bull-%E0%B9%82%E0%B8%AD%E0%B8%81%E0%B8%B2%E0%B8%AA%E0%B9%83%E0%B8%99%E0%B8%81%E0%B8%B2%E0%B8%A3%E0%B8%8B-%E0%B8%AD-%E0%B8%A7-%E0%B8%94%E0%B8%81-%E0%B8%99%E0%B8%97-%E0%B8%A3%E0%B8%B2%E0%B8%A2%E0%B8%87%E0%B8%B2%E0%B8%99%E0%B9%80%E0%B8%87-%E0%B8%99%E0%B9%80%E0%B8%9F-%E0%B8%AD%E0%B8%AA%E0%B8%AB%E0%B8%A3-%E0%B8%90%E0%B8%AD-%E0%B8%87%E0%B8%84%E0%B8%B2%E0%B8%A3%E0%B8%99
Wealth weekend season 2 l เตรียมรับมือตลาดปรับฐานจาก Recession,https://www.innovestx.co.th/wealth-playlist/detail/wealth-playlist/wealth-weekend-season-2-l-%E0%B9%80%E0%B8%95%E0%B8%A3-%E0%B8%A2%E0%B8%A1%E0%B8%A3-%E0%B8%9A%E0%B8%A1-%E0%B8%AD%E0%B8%95%E0%B8%A5%E0%B8%B2%E0%B8%94%E0%B8%9B%E0%B8%A3-%E0%B8%9A%E0%B8%90%E0%B8%B2%E0%B8%99%E0%B8%88%E0%B8%B2%E0%B8%81-recession
ทอล์คหุ้นพื้นฐาน สัปดาห์ 6 - 10 ก.พ. 66 l KCE งบออกมาต่ำคาด เรามองอย่างไร?,https://www.innovestx.co.th/wealth-playlist/detail/wealth-playlist/%E0%B8%97%E0%B8%AD%E0%B8%A5-%E0%B8%84%E0%B8%AB-%E0%B8%99%E0%B8%9E-%E0%B8%99%E0%B8%90%E0%B8%B2%E0%B8%99-%E0%B8%AA-%E0%B8%9B%E0%B8%94%E0%B8%B2%E0%B8%AB-6---10-%E0%B8%81.%E0%B8%9E.-66-l-kce-%E0%B8%87%E0%B8%9A%E0%B8%AD%E0%B8%AD%E0%B8%81%E0%B8%A1%E0%B8%B2%E0%B8%95-%E0%B8%B3%E0%B8%84%E0%B8%B2%E0%B8%94-%E0%B9%80%E0%B8%A3%E0%B8%B2%E0%B8%A1%E0%B8%AD%E0%B8%87%E0%B8%AD%E0%B8%A2-%E0%B8%B2%E0%B8%87%E0%B9%84%E0%B8%A3
[Live] สวัสดีตอนเช้า วันที่ 10 กุมภาพันธ์ 2566,https://www.innovestx.co.th/wealth-playlist/detail/wealth-playlist/live-%E0%B8%AA%E0%B8%A7-%E0%B8%AA%E0%B8%94-%E0%B8%95%E0%B8%AD%E0%B8%99%E0%B9%80%E0%B8%8A-%E0%B8%B2-%E0%B8%A7-%E0%B8%99%E0%B8%97-10-%E0%B8%81-%E0%B8%A1%E0%B8%A0%E0%B8%B2%E0%B8%9E-%E0%B8%99%E0%B8%98-2566
[Live] สวัสดีตอนเช้า วันที่ 9 กุมภาพันธ์ 2566,https://www.innovestx.co.th/wealth-playlist/detail/wealth-playlist/live-%E0%B8%AA%E0%B8%A7-%E0%B8%AA%E0%B8%94-%E0%B8%95%E0%B8%AD%E0%B8%99%E0%B9%80%E0%B8%8A-%E0%B8%B2-%E0%B8%A7-%E0%B8%99%E0%B8%97-9-%E0%B8%81-%E0%B8%A1%E0%B8%A0%E0%B8%B2%E0%B8%9E-%E0%B8%99%E0%B8%98-2566
[Live] สวัสดีตอนเช้า วันที่ 8 กุมภาพันธ์ 2566,https://www.innovestx.co.th/wealth-playlist/detail/wealth-playlist/live-%E0%B8%AA%E0%B8%A7-%E0%B8%AA%E0%B8%94-%E0%B8%95%E0%B8%AD%E0%B8%99%E0%B9%80%E0%B8%8A-%E0%B8%B2-%E0%B8%A7-%E0%B8%99%E0%B8%97-8-%E0%B8%81-%E0%B8%A1%E0%B8%A0%E0%B8%B2%E0%B8%9E-%E0%B8%99%E0%B8%98-2566
[Live] สวัสดีตอนเช้า วันที่ 7 กุมภาพันธ์ 2566,https://www.innovestx.co.th/wealth-playlist/detail/wealth-playlist/live-%E0%B8%AA%E0%B8%A7-%E0%B8%AA%E0%B8%94-%E0%B8%95%E0%B8%AD%E0%B8%99%E0%B9%80%E0%B8%8A-%E0%B8%B2-%E0%B8%A7-%E0%B8%99%E0%B8%97-7-%E0%B8%81-%E0%B8%A1%E0%B8%A0%E0%B8%B2%E0%B8%9E-%E0%B8%99%E0%B8%98-2566
[Live] สวัสดีตอนเช้า วันที่ 6 กุมภาพันธ์ 2566,https://www.innovestx.co.th/wealth-playlist/detail/wealth-playlist/live-%E0%B8%AA%E0%B8%A7-%E0%B8%AA%E0%B8%94-%E0%B8%95%E0%B8%AD%E0%B8%99%E0%B9%80%E0%B8%8A-%E0%B8%B2-%E0%B8%A7-%E0%B8%99%E0%B8%97-6-%E0%B8%81-%E0%B8%A1%E0%B8%A0%E0%B8%B2%E0%B8%9E-%E0%B8%99%E0%B8%98-2566
Bull or Bear next week! : กลับมา Bull Downside ยังจำกัด มีโอกาสทดสอบจุดสูงเดิม,https://www.innovestx.co.th/wealth-playlist/detail/wealth-playlist/bull-or-bear-next-week!-%E0%B8%81%E0%B8%A5-%E0%B8%9A%E0%B8%A1%E0%B8%B2-bull-downside-%E0%B8%A2-%E0%B8%87%E0%B8%88%E0%B8%B3%E0%B8%81-%E0%B8%94-%E0%B8%A1-%E0%B9%82%E0%B8%AD%E0%B8%81%E0%B8%B2%E0%B8%AA%E0%B8%97%E0%B8%94%E0%B8%AA%E0%B8%AD%E0%B8%9A%E0%B8%88-%E0%B8%94%E0%B8%AA-%E0%B8%87%E0%B9%80%E0%B8%94-%E0%B8%A1
Wealth weekend season 2 l หลากปัจจัยบวก แต่อย่าลืมปัจจัยเสี่ยงยังแฝงอยู่,https://www.innovestx.co.th/wealth-playlist/detail/wealth-playlist/wealth-weekend-season-2-l-%E0%B8%AB%E0%B8%A5%E0%B8%B2%E0%B8%81%E0%B8%9B-%E0%B8%88%E0%B8%88-%E0%B8%A2%E0%B8%9A%E0%B8%A7%E0%B8%81-%E0%B9%81%E0%B8%95-%E0%B8%AD%E0%B8%A2-%E0%B8%B2%E0%B8%A5-%E0%B8%A1%E0%B8%9B-%E0%B8%88%E0%B8%88-%E0%B8%A2%E0%B9%80%E0%B8%AA-%E0%B8%A2%E0%B8%87%E0%B8%A2-%E0%B8%87%E0%B9%81%E0%B8%9D%E0%B8%87%E0%B8%AD%E0%B8%A2
ทอล์คหุ้นพื้นฐาน สัปดาห์ 30 ม.ค. - 3 ก.พ. 66 l พรีวิวงบ 4Q65 ใครดีใครแย่?,https://www.innovestx.co.th/wealth-playlist/detail/wealth-playlist/%E0%B8%97%E0%B8%AD%E0%B8%A5-%E0%B8%84%E0%B8%AB-%E0%B8%99%E0%B8%9E-%E0%B8%99%E0%B8%90%E0%B8%B2%E0%B8%99-%E0%B8%AA-%E0%B8%9B%E0%B8%94%E0%B8%B2%E0%B8%AB-30-%E0%B8%A1.%E0%B8%84.---3-%E0%B8%81.%E0%B8%9E.-66-l-%E0%B8%9E%E0%B8%A3-%E0%B8%A7-%E0%B8%A7%E0%B8%87%E0%B8%9A-4q65-%E0%B9%83%E0%B8%84%E0%B8%A3%E0%B8%94-%E0%B9%83%E0%B8%84%E0%B8%A3%E0%B9%81%E0%B8%A2
[Live] สวัสดีตอนเช้า วันที่ 3 กุมภาพันธ์ 2566,https://www.innovestx.co.th/wealth-playlist/detail/wealth-playlist/live-%E0%B8%AA%E0%B8%A7-%E0%B8%AA%E0%B8%94-%E0%B8%95%E0%B8%AD%E0%B8%99%E0%B9%80%E0%B8%8A-%E0%B8%B2-%E0%B8%A7-%E0%B8%99%E0%B8%97-3-%E0%B8%81-%E0%B8%A1%E0%B8%A0%E0%B8%B2%E0%B8%9E-%E0%B8%99%E0%B8%98-2566
[Live] สวัสดีตอนเช้า 1 กุมภาพันธ์ 2566,https://www.innovestx.co.th/wealth-playlist/detail/wealth-playlist/live-%E0%B8%AA%E0%B8%A7-%E0%B8%AA%E0%B8%94-%E0%B8%95%E0%B8%AD%E0%B8%99%E0%B9%80%E0%B8%8A-%E0%B8%B2-1-%E0%B8%81-%E0%B8%A1%E0%B8%A0%E0%B8%B2%E0%B8%9E-%E0%B8%99%E0%B8%98-2566
[Live] สวัสดีตอนเช้า วันที่ 31 มกราคม 2566,https://www.innovestx.co.th/wealth-playlist/detail/wealth-playlist/live-%E0%B8%AA%E0%B8%A7-%E0%B8%AA%E0%B8%94-%E0%B8%95%E0%B8%AD%E0%B8%99%E0%B9%80%E0%B8%8A-%E0%B8%B2-%E0%B8%A7-%E0%B8%99%E0%B8%97-31-%E0%B8%A1%E0%B8%81%E0%B8%A3%E0%B8%B2%E0%B8%84%E0%B8%A1-2566
[Live] สวัสดีตอนเช้า วันที่ 30 มกราคม 2566,https://www.innovestx.co.th/wealth-playlist/detail/wealth-playlist/live-%E0%B8%AA%E0%B8%A7-%E0%B8%AA%E0%B8%94-%E0%B8%95%E0%B8%AD%E0%B8%99%E0%B9%80%E0%B8%8A-%E0%B8%B2-%E0%B8%A7-%E0%B8%99%E0%B8%97-30-%E0%B8%A1%E0%B8%81%E0%B8%A3%E0%B8%B2%E0%B8%84%E0%B8%A1-2566
Bull or Bear next week! : ตลาดยังขาดปัจจัยหนุนใหม่ ระวังปัจจัยลบอะไร..?,https://www.innovestx.co.th/wealth-playlist/detail/wealth-playlist/bull-or-bear-next-week!-%E0%B8%95%E0%B8%A5%E0%B8%B2%E0%B8%94%E0%B8%A2-%E0%B8%87%E0%B8%82%E0%B8%B2%E0%B8%94%E0%B8%9B-%E0%B8%88%E0%B8%88-%E0%B8%A2%E0%B8%AB%E0%B8%99-%E0%B8%99%E0%B9%83%E0%B8%AB%E0%B8%A1-%E0%B8%A3%E0%B8%B0%E0%B8%A7-%E0%B8%87%E0%B8%9B-%E0%B8%88%E0%B8%88-%E0%B8%A2%E0%B8%A5%E0%B8%9A%E0%B8%AD%E0%B8%B0%E0%B9%84%E0%B8%A3
Wealth weekend season 2 l ตลาดเชื่อ Fed จะชะลอขึ้นดอกเบี้ย สัปดาห์หน้ารู้ผล,https://www.innovestx.co.th/wealth-playlist/detail/wealth-playlist/wealth-weekend-season-2-l-%E0%B8%95%E0%B8%A5%E0%B8%B2%E0%B8%94%E0%B9%80%E0%B8%8A-%E0%B8%AD-fed-%E0%B8%88%E0%B8%B0%E0%B8%8A%E0%B8%B0%E0%B8%A5%E0%B8%AD%E0%B8%82-%E0%B8%99%E0%B8%94%E0%B8%AD%E0%B8%81%E0%B9%80%E0%B8%9A-%E0%B8%A2-%E0%B8%AA-%E0%B8%9B%E0%B8%94%E0%B8%B2%E0%B8%AB-%E0%B8%AB%E0%B8%99-%E0%B8%B2%E0%B8%A3-%E0%B8%9C%E0%B8%A5
ทอล์คหุ้นพื้นฐาน สัปดาห์ 23 - 27 ม.ค. 66 l สรุปงบกลุ่มธนาคาร 4Q65 กำไรต่ำคาด,https://www.innovestx.co.th/wealth-playlist/detail/wealth-playlist/%E0%B8%97%E0%B8%AD%E0%B8%A5-%E0%B8%84%E0%B8%AB-%E0%B8%99%E0%B8%9E-%E0%B8%99%E0%B8%90%E0%B8%B2%E0%B8%99-%E0%B8%AA-%E0%B8%9B%E0%B8%94%E0%B8%B2%E0%B8%AB-23---27-%E0%B8%A1.%E0%B8%84.-66-l-%E0%B8%AA%E0%B8%A3-%E0%B8%9B%E0%B8%87%E0%B8%9A%E0%B8%81%E0%B8%A5-%E0%B8%A1%E0%B8%98%E0%B8%99%E0%B8%B2%E0%B8%84%E0%B8%B2%E0%B8%A3-4q65-%E0%B8%81%E0%B8%B3%E0%B9%84%E0%B8%A3%E0%B8%95-%E0%B8%B3%E0%B8%84%E0%B8%B2%E0%B8%94
[Live] สวัสดีตอนเช้า วันที่ 27 มกราคม 2566,https://www.innovestx.co.th/wealth-playlist/detail/wealth-playlist/live-%E0%B8%AA%E0%B8%A7-%E0%B8%AA%E0%B8%94-%E0%B8%95%E0%B8%AD%E0%B8%99%E0%B9%80%E0%B8%8A-%E0%B8%B2-%E0%B8%A7-%E0%B8%99%E0%B8%97-27-%E0%B8%A1%E0%B8%81%E0%B8%A3%E0%B8%B2%E0%B8%84%E0%B8%A1-2566
[Live] สวัสดีตอนเช้า วันที่ 26 มกราคม 2566,https://www.innovestx.co.th/wealth-playlist/detail/wealth-playlist/live-%E0%B8%AA%E0%B8%A7-%E0%B8%AA%E0%B8%94-%E0%B8%95%E0%B8%AD%E0%B8%99%E0%B9%80%E0%B8%8A-%E0%B8%B2-%E0%B8%A7-%E0%B8%99%E0%B8%97-26-%E0%B8%A1%E0%B8%81%E0%B8%A3%E0%B8%B2%E0%B8%84%E0%B8%A1-2566
[Live] สวัสดีตอนเช้า วันที่ 25 มกราคม 2566,https://www.innovestx.co.th/wealth-playlist/detail/wealth-playlist/live-%E0%B8%AA%E0%B8%A7-%E0%B8%AA%E0%B8%94-%E0%B8%95%E0%B8%AD%E0%B8%99%E0%B9%80%E0%B8%8A-%E0%B8%B2-%E0%B8%A7-%E0%B8%99%E0%B8%97-25-%E0%B8%A1%E0%B8%81%E0%B8%A3%E0%B8%B2%E0%B8%84%E0%B8%A1-2566
[Live] สวัสดีตอนเช้า วันที่ 24 มกราคม 2566,https://www.innovestx.co.th/wealth-playlist/detail/wealth-playlist/live-%E0%B8%AA%E0%B8%A7-%E0%B8%AA%E0%B8%94-%E0%B8%95%E0%B8%AD%E0%B8%99%E0%B9%80%E0%B8%8A-%E0%B8%B2-%E0%B8%A7-%E0%B8%99%E0%B8%97-24-%E0%B8%A1%E0%B8%81%E0%B8%A3%E0%B8%B2%E0%B8%84%E0%B8%A1-2566
[Live] สวัสดีตอนเช้า วันที่ 23 มกราคม 2566,https://www.innovestx.co.th/wealth-playlist/detail/wealth-playlist/live-%E0%B8%AA%E0%B8%A7-%E0%B8%AA%E0%B8%94-%E0%B8%95%E0%B8%AD%E0%B8%99%E0%B9%80%E0%B8%8A-%E0%B8%B2-%E0%B8%A7-%E0%B8%99%E0%B8%97-23-%E0%B8%A1%E0%B8%81%E0%B8%A3%E0%B8%B2%E0%B8%84%E0%B8%A1-2566
Bull or Bear next week! : ยังมอง Bear ตลาดพักตัว ไม่มีปัจจัยหนุนใหม่,https://www.innovestx.co.th/wealth-playlist/detail/wealth-playlist/bull-or-bear-next-week!-%E0%B8%A2-%E0%B8%87%E0%B8%A1%E0%B8%AD%E0%B8%87-bear-%E0%B8%95%E0%B8%A5%E0%B8%B2%E0%B8%94%E0%B8%9E-%E0%B8%81%E0%B8%95-%E0%B8%A7-%E0%B9%84%E0%B8%A1-%E0%B8%A1-%E0%B8%9B-%E0%B8%88%E0%B8%88-%E0%B8%A2%E0%B8%AB%E0%B8%99-%E0%B8%99%E0%B9%83%E0%B8%AB%E0%B8%A1
Wealth weekend season 2 l หรือตลาดจะสู้ Fed (ขึ้นดอกเบี้ยท่ามกลางเศรษฐกิจชะลอตัว),https://www.innovestx.co.th/wealth-playlist/detail/wealth-playlist/wealth-weekend-season-2-l-%E0%B8%AB%E0%B8%A3-%E0%B8%AD%E0%B8%95%E0%B8%A5%E0%B8%B2%E0%B8%94%E0%B8%88%E0%B8%B0%E0%B8%AA-fed-(%E0%B8%82-%E0%B8%99%E0%B8%94%E0%B8%AD%E0%B8%81%E0%B9%80%E0%B8%9A-%E0%B8%A2%E0%B8%97-%E0%B8%B2%E0%B8%A1%E0%B8%81%E0%B8%A5%E0%B8%B2%E0%B8%87%E0%B9%80%E0%B8%A8%E0%B8%A3%E0%B8%A9%E0%B8%90%E0%B8%81-%E0%B8%88%E0%B8%8A%E0%B8%B0%E0%B8%A5%E0%B8%AD%E0%B8%95-%E0%B8%A7)
ทอล์คหุ้นพื้นฐาน สัปดาห์ 16 - 20 ม.ค. 66 l สรุปดีล BCP ซื้อ ESSO เพื่อต่อยอดธุรกิจน้ำมัน,https://www.innovestx.co.th/wealth-playlist/detail/wealth-playlist/%E0%B8%97%E0%B8%AD%E0%B8%A5-%E0%B8%84%E0%B8%AB-%E0%B8%99%E0%B8%9E-%E0%B8%99%E0%B8%90%E0%B8%B2%E0%B8%99-%E0%B8%AA-%E0%B8%9B%E0%B8%94%E0%B8%B2%E0%B8%AB-16---20-%E0%B8%A1.%E0%B8%84.-66-l-%E0%B8%AA%E0%B8%A3-%E0%B8%9B%E0%B8%94-%E0%B8%A5-bcp-%E0%B8%8B-%E0%B8%AD-esso-%E0%B9%80%E0%B8%9E-%E0%B8%AD%E0%B8%95-%E0%B8%AD%E0%B8%A2%E0%B8%AD%E0%B8%94%E0%B8%98-%E0%B8%A3%E0%B8%81-%E0%B8%88%E0%B8%99-%E0%B8%B3%E0%B8%A1-%E0%B8%99
[Live] สวัสดีตอนเช้า วันที่ 20 มกราคม 2566,https://www.innovestx.co.th/wealth-playlist/detail/wealth-playlist/live-%E0%B8%AA%E0%B8%A7-%E0%B8%AA%E0%B8%94-%E0%B8%95%E0%B8%AD%E0%B8%99%E0%B9%80%E0%B8%8A-%E0%B8%B2-%E0%B8%A7-%E0%B8%99%E0%B8%97-20-%E0%B8%A1%E0%B8%81%E0%B8%A3%E0%B8%B2%E0%B8%84%E0%B8%A1-2566
[Live] สวัสดีตอนเช้า วันที่ 19 มกราคม 2566,https://www.innovestx.co.th/wealth-playlist/detail/wealth-playlist/live-%E0%B8%AA%E0%B8%A7-%E0%B8%AA%E0%B8%94-%E0%B8%95%E0%B8%AD%E0%B8%99%E0%B9%80%E0%B8%8A-%E0%B8%B2-%E0%B8%A7-%E0%B8%99%E0%B8%97-19-%E0%B8%A1%E0%B8%81%E0%B8%A3%E0%B8%B2%E0%B8%84%E0%B8%A1-2566
[Live] สวัสดีตอนเช้า วันที่ 18 มกราคม 2566,https://www.innovestx.co.th/wealth-playlist/detail/wealth-playlist/live-%E0%B8%AA%E0%B8%A7-%E0%B8%AA%E0%B8%94-%E0%B8%95%E0%B8%AD%E0%B8%99%E0%B9%80%E0%B8%8A-%E0%B8%B2-%E0%B8%A7-%E0%B8%99%E0%B8%97-18-%E0%B8%A1%E0%B8%81%E0%B8%A3%E0%B8%B2%E0%B8%84%E0%B8%A1-2566
[Live] สวัสดีตอนเช้า วันที่ 17 มกราคม 2566,https://www.innovestx.co.th/wealth-playlist/detail/wealth-playlist/live-%E0%B8%AA%E0%B8%A7-%E0%B8%AA%E0%B8%94-%E0%B8%95%E0%B8%AD%E0%B8%99%E0%B9%80%E0%B8%8A-%E0%B8%B2-%E0%B8%A7-%E0%B8%99%E0%B8%97-17-%E0%B8%A1%E0%B8%81%E0%B8%A3%E0%B8%B2%E0%B8%84%E0%B8%A1-2566
[Live] สวัสดีตอนเช้า วันที่ 16 มกราคม 2566,https://www.innovestx.co.th/wealth-playlist/detail/wealth-playlist/live-%E0%B8%AA%E0%B8%A7-%E0%B8%AA%E0%B8%94-%E0%B8%95%E0%B8%AD%E0%B8%99%E0%B9%80%E0%B8%8A-%E0%B8%B2-%E0%B8%A7-%E0%B8%99%E0%B8%97-16-%E0%B8%A1%E0%B8%81%E0%B8%A3%E0%B8%B2%E0%B8%84%E0%B8%A1-2566
Bull or Bear next week! : กลับมา Bear เข้าสู่โหมดพักตัว,https://www.innovestx.co.th/wealth-playlist/detail/wealth-playlist/bull-or-bear-next-week!-%E0%B8%81%E0%B8%A5-%E0%B8%9A%E0%B8%A1%E0%B8%B2-bear-%E0%B9%80%E0%B8%82-%E0%B8%B2%E0%B8%AA-%E0%B9%82%E0%B8%AB%E0%B8%A1%E0%B8%94%E0%B8%9E-%E0%B8%81%E0%B8%95-%E0%B8%A7
wealth weekend get to the point l เงินเฟ้อชะลอ+จีนยูเทิร์นมาตรการเทคฯ ตลาดไปต่อได้แค่ไหน,https://www.innovestx.co.th/wealth-playlist/detail/wealth-playlist/wealth-weekend-get-to-the-point-l-%E0%B9%80%E0%B8%87-%E0%B8%99%E0%B9%80%E0%B8%9F-%E0%B8%AD%E0%B8%8A%E0%B8%B0%E0%B8%A5%E0%B8%AD-%E0%B8%88-%E0%B8%99%E0%B8%A2-%E0%B9%80%E0%B8%97-%E0%B8%A3-%E0%B8%99%E0%B8%A1%E0%B8%B2%E0%B8%95%E0%B8%A3%E0%B8%81%E0%B8%B2%E0%B8%A3%E0%B9%80%E0%B8%97%E0%B8%84%E0%B8%AF-%E0%B8%95%E0%B8%A5%E0%B8%B2%E0%B8%94%E0%B9%84%E0%B8%9B%E0%B8%95-%E0%B8%AD%E0%B9%84%E0%B8%94-%E0%B9%81%E0%B8%84-%E0%B9%84%E0%B8%AB%E0%B8%99
"ทอล์คหุ้นพื้นฐาน สัปดาห์ 9 - 12 ม.ค. 66 l พรีวิวผลประกอบการ: PTTEP ADVANC , BDMS , และ SCGP",https://www.innovestx.co.th/wealth-playlist/detail/wealth-playlist/%E0%B8%97%E0%B8%AD%E0%B8%A5-%E0%B8%84%E0%B8%AB-%E0%B8%99%E0%B8%9E-%E0%B8%99%E0%B8%90%E0%B8%B2%E0%B8%99-%E0%B8%AA-%E0%B8%9B%E0%B8%94%E0%B8%B2%E0%B8%AB-9---12-%E0%B8%A1.%E0%B8%84.-66-l-%E0%B8%9E%E0%B8%A3-%E0%B8%A7-%E0%B8%A7%E0%B8%9C%E0%B8%A5%E0%B8%9B%E0%B8%A3%E0%B8%B0%E0%B8%81%E0%B8%AD%E0%B8%9A%E0%B8%81%E0%B8%B2%E0%B8%A3-pttep-advanc-bdms-%E0%B9%81%E0%B8%A5%E0%B8%B0-scgp
[Live] สวัสดีตอนเช้า วันที่ 13 มกราคม 2566,https://www.innovestx.co.th/wealth-playlist/detail/wealth-playlist/live-%E0%B8%AA%E0%B8%A7-%E0%B8%AA%E0%B8%94-%E0%B8%95%E0%B8%AD%E0%B8%99%E0%B9%80%E0%B8%8A-%E0%B8%B2-%E0%B8%A7-%E0%B8%99%E0%B8%97-13-%E0%B8%A1%E0%B8%81%E0%B8%A3%E0%B8%B2%E0%B8%84%E0%B8%A1-2566
[Live] สวัสดีตอนเช้า วันที่ 12 มกราคม 2566,https://www.innovestx.co.th/wealth-playlist/detail/wealth-playlist/live-%E0%B8%AA%E0%B8%A7-%E0%B8%AA%E0%B8%94-%E0%B8%95%E0%B8%AD%E0%B8%99%E0%B9%80%E0%B8%8A-%E0%B8%B2-%E0%B8%A7-%E0%B8%99%E0%B8%97-12-%E0%B8%A1%E0%B8%81%E0%B8%A3%E0%B8%B2%E0%B8%84%E0%B8%A1-2566
[Live] สวัสดีตอนเช้า วันที่ 11 มกราคม 2566,https://www.innovestx.co.th/wealth-playlist/detail/wealth-playlist/live-%E0%B8%AA%E0%B8%A7-%E0%B8%AA%E0%B8%94-%E0%B8%95%E0%B8%AD%E0%B8%99%E0%B9%80%E0%B8%8A-%E0%B8%B2-%E0%B8%A7-%E0%B8%99%E0%B8%97-11-%E0%B8%A1%E0%B8%81%E0%B8%A3%E0%B8%B2%E0%B8%84%E0%B8%A1-2566
[Live] สวัสดีตอนเช้า วันที่ 10 มกราคม 2566,https://www.innovestx.co.th/wealth-playlist/detail/wealth-playlist/live-%E0%B8%AA%E0%B8%A7-%E0%B8%AA%E0%B8%94-%E0%B8%95%E0%B8%AD%E0%B8%99%E0%B9%80%E0%B8%8A-%E0%B8%B2-%E0%B8%A7-%E0%B8%99%E0%B8%97-10-%E0%B8%A1%E0%B8%81%E0%B8%A3%E0%B8%B2%E0%B8%84%E0%B8%A1-2566
[Live] สวัสดีตอนเช้า วันที่ 9 มกราคม 2566,https://www.innovestx.co.th/wealth-playlist/detail/wealth-playlist/live-%E0%B8%AA%E0%B8%A7-%E0%B8%AA%E0%B8%94-%E0%B8%95%E0%B8%AD%E0%B8%99%E0%B9%80%E0%B8%8A-%E0%B8%B2-%E0%B8%A7-%E0%B8%99%E0%B8%97-9-%E0%B8%A1%E0%B8%81%E0%B8%A3%E0%B8%B2%E0%B8%84%E0%B8%A1-2566
Bull or Bear next week! : มอง BULL มี downside จำกัด ภาพรวมขึ้นได้ต่อ,https://www.innovestx.co.th/wealth-playlist/detail/wealth-playlist/bull-or-bear-next-week!-%E0%B8%A1%E0%B8%AD%E0%B8%87-bull-%E0%B8%A1-downside-%E0%B8%88%E0%B8%B3%E0%B8%81-%E0%B8%94-%E0%B8%A0%E0%B8%B2%E0%B8%9E%E0%B8%A3%E0%B8%A7%E0%B8%A1%E0%B8%82-%E0%B8%99%E0%B9%84%E0%B8%94-%E0%B8%95-%E0%B8%AD
Wealth weekend season 2 l เมื่อจีนเปิดประเทศ แต่ Fed ยังคงดอกเบี้ยสูงต่อ,https://www.innovestx.co.th/wealth-playlist/detail/wealth-playlist/wealth-weekend-season-2-l-%E0%B9%80%E0%B8%A1-%E0%B8%AD%E0%B8%88-%E0%B8%99%E0%B9%80%E0%B8%9B-%E0%B8%94%E0%B8%9B%E0%B8%A3%E0%B8%B0%E0%B9%80%E0%B8%97%E0%B8%A8-%E0%B9%81%E0%B8%95-fed-%E0%B8%A2-%E0%B8%87%E0%B8%84%E0%B8%87%E0%B8%94%E0%B8%AD%E0%B8%81%E0%B9%80%E0%B8%9A-%E0%B8%A2%E0%B8%AA-%E0%B8%87%E0%B8%95-%E0%B8%AD
ทอล์คหุ้นพื้นฐาน สัปดาห์ 3 - 6 ม.ค. 66 l Talk of the town BCP เข้าซื้อกิจการโรงกลั่นในประเทศ?,https://www.innovestx.co.th/wealth-playlist/detail/wealth-playlist/%E0%B8%97%E0%B8%AD%E0%B8%A5-%E0%B8%84%E0%B8%AB-%E0%B8%99%E0%B8%9E-%E0%B8%99%E0%B8%90%E0%B8%B2%E0%B8%99-%E0%B8%AA-%E0%B8%9B%E0%B8%94%E0%B8%B2%E0%B8%AB-3---6-%E0%B8%A1.%E0%B8%84.-66-l-talk-of-the-town-bcp-%E0%B9%80%E0%B8%82-%E0%B8%B2%E0%B8%8B-%E0%B8%AD%E0%B8%81-%E0%B8%88%E0%B8%81%E0%B8%B2%E0%B8%A3%E0%B9%82%E0%B8%A3%E0%B8%87%E0%B8%81%E0%B8%A5-%E0%B8%99%E0%B9%83%E0%B8%99%E0%B8%9B%E0%B8%A3%E0%B8%B0%E0%B9%80%E0%B8%97%E0%B8%A8
[Live] สวัสดีตอนเช้า วันที่ 6 มกราคม 2566,https://www.innovestx.co.th/wealth-playlist/detail/wealth-playlist/live-%E0%B8%AA%E0%B8%A7-%E0%B8%AA%E0%B8%94-%E0%B8%95%E0%B8%AD%E0%B8%99%E0%B9%80%E0%B8%8A-%E0%B8%B2-%E0%B8%A7-%E0%B8%99%E0%B8%97-6-%E0%B8%A1%E0%B8%81%E0%B8%A3%E0%B8%B2%E0%B8%84%E0%B8%A1-2566
[Live] สวัสดีตอนเช้า วันที่ 5 มกราคม 2566,https://www.innovestx.co.th/wealth-playlist/detail/wealth-playlist/live-%E0%B8%AA%E0%B8%A7-%E0%B8%AA%E0%B8%94-%E0%B8%95%E0%B8%AD%E0%B8%99%E0%B9%80%E0%B8%8A-%E0%B8%B2-%E0%B8%A7-%E0%B8%99%E0%B8%97-5-%E0%B8%A1%E0%B8%81%E0%B8%A3%E0%B8%B2%E0%B8%84%E0%B8%A1-2566
[Live] สวัสดีตอนเช้า วันที่ 4 มกราคม 2566,https://www.innovestx.co.th/wealth-playlist/detail/wealth-playlist/live-%E0%B8%AA%E0%B8%A7-%E0%B8%AA%E0%B8%94-%E0%B8%95%E0%B8%AD%E0%B8%99%E0%B9%80%E0%B8%8A-%E0%B8%B2-%E0%B8%A7-%E0%B8%99%E0%B8%97-4-%E0%B8%A1%E0%B8%81%E0%B8%A3%E0%B8%B2%E0%B8%84%E0%B8%A1-2566
[Live] สวัสดีตอนเช้า วันที่ 3 มกราคม 2566,https://www.innovestx.co.th/wealth-playlist/detail/wealth-playlist/live-%E0%B8%AA%E0%B8%A7-%E0%B8%AA%E0%B8%94-%E0%B8%95%E0%B8%AD%E0%B8%99%E0%B9%80%E0%B8%8A-%E0%B8%B2-%E0%B8%A7-%E0%B8%99%E0%B8%97-3-%E0%B8%A1%E0%B8%81%E0%B8%A3%E0%B8%B2%E0%B8%84%E0%B8%A1-2566
[Live] สวัสดีตอนเช้า วันที่ 29 ธันวาคม 2565,https://www.innovestx.co.th/wealth-playlist/detail/wealth-playlist/live-%E0%B8%AA%E0%B8%A7-%E0%B8%AA%E0%B8%94-%E0%B8%95%E0%B8%AD%E0%B8%99%E0%B9%80%E0%B8%8A-%E0%B8%B2-%E0%B8%A7-%E0%B8%99%E0%B8%97-29-%E0%B8%98-%E0%B8%99%E0%B8%A7%E0%B8%B2%E0%B8%84%E0%B8%A1-2565
[Live] สวัสดีตอนเช้า วันที่ 28 ธันวาคม 2565,https://www.innovestx.co.th/wealth-playlist/detail/wealth-playlist/live-%E0%B8%AA%E0%B8%A7-%E0%B8%AA%E0%B8%94-%E0%B8%95%E0%B8%AD%E0%B8%99%E0%B9%80%E0%B8%8A-%E0%B8%B2-%E0%B8%A7-%E0%B8%99%E0%B8%97-28-%E0%B8%98-%E0%B8%99%E0%B8%A7%E0%B8%B2%E0%B8%84%E0%B8%A1-2565
Wealth weekend broadcast : Investment Outlook 2023 หลัง BOJ สร้างเซอร์ไพร์สส่งท้ายปี,https://www.innovestx.co.th/wealth-playlist/detail/wealth-playlist/wealth-weekend-broadcast-investment-outlook-2023-%E0%B8%AB%E0%B8%A5-%E0%B8%87-boj-%E0%B8%AA%E0%B8%A3-%E0%B8%B2%E0%B8%87%E0%B9%80%E0%B8%8B%E0%B8%AD%E0%B8%A3-%E0%B9%84%E0%B8%9E%E0%B8%A3-%E0%B8%AA%E0%B8%AA-%E0%B8%87%E0%B8%97-%E0%B8%B2%E0%B8%A2%E0%B8%9B
ทอล์คหุ้นพื้นฐาน สัปดาห์ 19 - 23 ธ.ค. 65 l เตรียมพร้อมลงทุน YEARBOOK 2023 Hopping to the moon,https://www.innovestx.co.th/wealth-playlist/detail/wealth-playlist/%E0%B8%97%E0%B8%AD%E0%B8%A5-%E0%B8%84%E0%B8%AB-%E0%B8%99%E0%B8%9E-%E0%B8%99%E0%B8%90%E0%B8%B2%E0%B8%99-%E0%B8%AA-%E0%B8%9B%E0%B8%94%E0%B8%B2%E0%B8%AB-19---23-%E0%B8%98.%E0%B8%84.-65-l-%E0%B9%80%E0%B8%95%E0%B8%A3-%E0%B8%A2%E0%B8%A1%E0%B8%9E%E0%B8%A3-%E0%B8%AD%E0%B8%A1%E0%B8%A5%E0%B8%87%E0%B8%97-%E0%B8%99-yearbook-2023-hopping-to-the-moon
[Live] สวัสดีตอนเช้า วันที่ 23 ธันวาคม 2565,https://www.innovestx.co.th/wealth-playlist/detail/wealth-playlist/live-%E0%B8%AA%E0%B8%A7-%E0%B8%AA%E0%B8%94-%E0%B8%95%E0%B8%AD%E0%B8%99%E0%B9%80%E0%B8%8A-%E0%B8%B2-%E0%B8%A7-%E0%B8%99%E0%B8%97-23-%E0%B8%98-%E0%B8%99%E0%B8%A7%E0%B8%B2%E0%B8%84%E0%B8%A1-2565
📋Podcast สรุปตลาดหุ้นไทย 22 ธ.ค. 65 | SET ปรับขึ้นมูลค่าซื้อขายซบเซา ไปในทางเดียวกับตลาดหุ้นภูมิภาค,https://www.innovestx.co.th/wealth-playlist/detail/wealth-playlist/podcast-%E0%B8%AA%E0%B8%A3-%E0%B8%9B%E0%B8%95%E0%B8%A5%E0%B8%B2%E0%B8%94%E0%B8%AB-%E0%B8%99%E0%B9%84%E0%B8%97%E0%B8%A2-22-%E0%B8%98.%E0%B8%84.-65-set-%E0%B8%9B%E0%B8%A3-%E0%B8%9A%E0%B8%82-%E0%B8%99%E0%B8%A1-%E0%B8%A5%E0%B8%84-%E0%B8%B2%E0%B8%8B-%E0%B8%AD%E0%B8%82%E0%B8%B2%E0%B8%A2%E0%B8%8B%E0%B8%9A%E0%B9%80%E0%B8%8B%E0%B8%B2-%E0%B9%84%E0%B8%9B%E0%B9%83%E0%B8%99%E0%B8%97%E0%B8%B2%E0%B8%87%E0%B9%80%E0%B8%94-%E0%B8%A2%E0%B8%A7%E0%B8%81-%E0%B8%9A%E0%B8%95%E0%B8%A5%E0%B8%B2%E0%B8%94%E0%B8%AB-%E0%B8%99%E0%B8%A0-%E0%B8%A1-%E0%B8%A0%E0%B8%B2%E0%B8%84
[Live] สวัสดีตอนเช้า วันที่ 22 ธันวาคม 2565,https://www.innovestx.co.th/wealth-playlist/detail/wealth-playlist/live-%E0%B8%AA%E0%B8%A7-%E0%B8%AA%E0%B8%94-%E0%B8%95%E0%B8%AD%E0%B8%99%E0%B9%80%E0%B8%8A-%E0%B8%B2-%E0%B8%A7-%E0%B8%99%E0%B8%97-22-%E0%B8%98-%E0%B8%99%E0%B8%A7%E0%B8%B2%E0%B8%84%E0%B8%A1-2565
📋Podcast สรุปหุ้นไทย 21 ธ.ค. 65 | SET ฟื้นตัวจากหุ้นเข้าคำนวณ SET50-SET100 หุ้นได้ประโยชน์มาตรการรัฐ,https://www.innovestx.co.th/wealth-playlist/detail/wealth-playlist/podcast-%E0%B8%AA%E0%B8%A3-%E0%B8%9B%E0%B8%AB-%E0%B8%99%E0%B9%84%E0%B8%97%E0%B8%A2-21-%E0%B8%98.%E0%B8%84.-65-set-%E0%B8%9F-%E0%B8%99%E0%B8%95-%E0%B8%A7%E0%B8%88%E0%B8%B2%E0%B8%81%E0%B8%AB-%E0%B8%99%E0%B9%80%E0%B8%82-%E0%B8%B2%E0%B8%84%E0%B8%B3%E0%B8%99%E0%B8%A7%E0%B8%93-set50-set100-%E0%B8%AB-%E0%B8%99%E0%B9%84%E0%B8%94-%E0%B8%9B%E0%B8%A3%E0%B8%B0%E0%B9%82%E0%B8%A2%E0%B8%8A%E0%B8%99-%E0%B8%A1%E0%B8%B2%E0%B8%95%E0%B8%A3%E0%B8%81%E0%B8%B2%E0%B8%A3%E0%B8%A3-%E0%B8%90
[Live] สวัสดีตอนเช้า วันที่ 21 ธันวาคม 2565,https://www.innovestx.co.th/wealth-playlist/detail/wealth-playlist/live-%E0%B8%AA%E0%B8%A7-%E0%B8%AA%E0%B8%94-%E0%B8%95%E0%B8%AD%E0%B8%99%E0%B9%80%E0%B8%8A-%E0%B8%B2-%E0%B8%A7-%E0%B8%99%E0%B8%97-21-%E0%B8%98-%E0%B8%99%E0%B8%A7%E0%B8%B2%E0%B8%84%E0%B8%A1-2565
[Live] สวัสดีตอนเช้า วันที่ 20 ธันวาคม 2565,https://www.innovestx.co.th/wealth-playlist/detail/wealth-playlist/live-%E0%B8%AA%E0%B8%A7-%E0%B8%AA%E0%B8%94-%E0%B8%95%E0%B8%AD%E0%B8%99%E0%B9%80%E0%B8%8A-%E0%B8%B2-%E0%B8%A7-%E0%B8%99%E0%B8%97-20-%E0%B8%98-%E0%B8%99%E0%B8%A7%E0%B8%B2%E0%B8%84%E0%B8%A1-2565
📋Podcast สรุปตลาดหุ้นไทย 19 ธ.ค. 65 | SET แกว่งกรอบแคบ กังวล ศก. โลกถดถอย-ราคาน้ำมันร่วงกดดัน,https://www.innovestx.co.th/wealth-playlist/detail/wealth-playlist/podcast-%E0%B8%AA%E0%B8%A3-%E0%B8%9B%E0%B8%95%E0%B8%A5%E0%B8%B2%E0%B8%94%E0%B8%AB-%E0%B8%99%E0%B9%84%E0%B8%97%E0%B8%A2-19-%E0%B8%98.%E0%B8%84.-65-set-%E0%B9%81%E0%B8%81%E0%B8%A7-%E0%B8%87%E0%B8%81%E0%B8%A3%E0%B8%AD%E0%B8%9A%E0%B9%81%E0%B8%84%E0%B8%9A-%E0%B8%81-%E0%B8%87%E0%B8%A7%E0%B8%A5-%E0%B8%A8%E0%B8%81.-%E0%B9%82%E0%B8%A5%E0%B8%81%E0%B8%96%E0%B8%94%E0%B8%96%E0%B8%AD%E0%B8%A2-%E0%B8%A3%E0%B8%B2%E0%B8%84%E0%B8%B2%E0%B8%99-%E0%B8%B3%E0%B8%A1-%E0%B8%99%E0%B8%A3-%E0%B8%A7%E0%B8%87%E0%B8%81%E0%B8%94%E0%B8%94-%E0%B8%99
[Live] สวัสดีตอนเช้า วันที่ 19 ธันวาคม 2565,https://www.innovestx.co.th/wealth-playlist/detail/wealth-playlist/live-%E0%B8%AA%E0%B8%A7-%E0%B8%AA%E0%B8%94-%E0%B8%95%E0%B8%AD%E0%B8%99%E0%B9%80%E0%B8%8A-%E0%B8%B2-%E0%B8%A7-%E0%B8%99%E0%B8%97-19-%E0%B8%98-%E0%B8%99%E0%B8%A7%E0%B8%B2%E0%B8%84%E0%B8%A1-2565
Bull or Bear next week! : ยังมอง BULL ตลาดยังยืนได้แต่แกว่งในกรอบ,https://www.innovestx.co.th/wealth-playlist/detail/wealth-playlist/bull-or-bear-next-week!-%E0%B8%A2-%E0%B8%87%E0%B8%A1%E0%B8%AD%E0%B8%87-bull-%E0%B8%95%E0%B8%A5%E0%B8%B2%E0%B8%94%E0%B8%A2-%E0%B8%87%E0%B8%A2-%E0%B8%99%E0%B9%84%E0%B8%94-%E0%B9%81%E0%B8%95-%E0%B9%81%E0%B8%81%E0%B8%A7-%E0%B8%87%E0%B9%83%E0%B8%99%E0%B8%81%E0%B8%A3%E0%B8%AD%E0%B8%9A
"Wealth weekend broadcast: Santa Claus จะ Rally?
ตลาดสะท้อนอะไรในสัปดาห์ที่ผ่านมา?",https://www.innovestx.co.th/wealth-playlist/detail/wealth-playlist/wealth-weekend-broadcast-santa-claus-%E0%B8%88%E0%B8%B0-rally-%E0%B8%95%E0%B8%A5%E0%B8%B2%E0%B8%94%E0%B8%AA%E0%B8%B0%E0%B8%97-%E0%B8%AD%E0%B8%99%E0%B8%AD%E0%B8%B0%E0%B9%84%E0%B8%A3%E0%B9%83%E0%B8%99%E0%B8%AA-%E0%B8%9B%E0%B8%94%E0%B8%B2%E0%B8%AB-%E0%B8%97-%E0%B8%9C-%E0%B8%B2%E0%B8%99%E0%B8%A1%E0%B8%B2
[Live] สวัสดีตอนเช้า วันที่ 16 ธันวาคม 2565,https://www.innovestx.co.th/wealth-playlist/detail/wealth-playlist/live-%E0%B8%AA%E0%B8%A7-%E0%B8%AA%E0%B8%94-%E0%B8%95%E0%B8%AD%E0%B8%99%E0%B9%80%E0%B8%8A-%E0%B8%B2-%E0%B8%A7-%E0%B8%99%E0%B8%97-16-%E0%B8%98-%E0%B8%99%E0%B8%A7%E0%B8%B2%E0%B8%84%E0%B8%A1-2565
📋Podcast สรุปตลาดหุ้นไทย 15 ธ.ค. 65 |SET และตลาดภูมิภาคปรับลดลง Fed ปรับเป้า ด.บ. นโยบายปีหน้าขึ้น,https://www.innovestx.co.th/wealth-playlist/detail/wealth-playlist/podcast-%E0%B8%AA%E0%B8%A3-%E0%B8%9B%E0%B8%95%E0%B8%A5%E0%B8%B2%E0%B8%94%E0%B8%AB-%E0%B8%99%E0%B9%84%E0%B8%97%E0%B8%A2-15-%E0%B8%98.%E0%B8%84.-65-set-%E0%B9%81%E0%B8%A5%E0%B8%B0%E0%B8%95%E0%B8%A5%E0%B8%B2%E0%B8%94%E0%B8%A0-%E0%B8%A1-%E0%B8%A0%E0%B8%B2%E0%B8%84%E0%B8%9B%E0%B8%A3-%E0%B8%9A%E0%B8%A5%E0%B8%94%E0%B8%A5%E0%B8%87-fed-%E0%B8%9B%E0%B8%A3-%E0%B8%9A%E0%B9%80%E0%B8%9B-%E0%B8%B2-%E0%B8%94.%E0%B8%9A.-%E0%B8%99%E0%B9%82%E0%B8%A2%E0%B8%9A%E0%B8%B2%E0%B8%A2%E0%B8%9B-%E0%B8%AB%E0%B8%99-%E0%B8%B2%E0%B8%82-%E0%B8%99
[Live] สวัสดีตอนเช้า วันที่ 15 ธันวาคม 2565,https://www.innovestx.co.th/wealth-playlist/detail/wealth-playlist/live-%E0%B8%AA%E0%B8%A7-%E0%B8%AA%E0%B8%94-%E0%B8%95%E0%B8%AD%E0%B8%99%E0%B9%80%E0%B8%8A-%E0%B8%B2-%E0%B8%A7-%E0%B8%99%E0%B8%97-15-%E0%B8%98-%E0%B8%99%E0%B8%A7%E0%B8%B2%E0%B8%84%E0%B8%A1-2565
[Live] สวัสดีตอนเช้า วันที่ 14 ธันวาคม 2565,https://www.innovestx.co.th/wealth-playlist/detail/wealth-playlist/live-%E0%B8%AA%E0%B8%A7-%E0%B8%AA%E0%B8%94-%E0%B8%95%E0%B8%AD%E0%B8%99%E0%B9%80%E0%B8%8A-%E0%B8%B2-%E0%B8%A7-%E0%B8%99%E0%B8%97-14-%E0%B8%98-%E0%B8%99%E0%B8%A7%E0%B8%B2%E0%B8%84%E0%B8%A1-2565
📋Podcast สรุปตลาดหุ้นไทย 13 ธ.ค. 65 | SET ปรับขึ้นเคลื่อนไหวในกรอบแคบ จับตาเงินเฟ้อสหรัฐ-ประชุม FOMC,https://www.innovestx.co.th/wealth-playlist/detail/wealth-playlist/podcast-%E0%B8%AA%E0%B8%A3-%E0%B8%9B%E0%B8%95%E0%B8%A5%E0%B8%B2%E0%B8%94%E0%B8%AB-%E0%B8%99%E0%B9%84%E0%B8%97%E0%B8%A2-13-%E0%B8%98.%E0%B8%84.-65-set-%E0%B8%9B%E0%B8%A3-%E0%B8%9A%E0%B8%82-%E0%B8%99%E0%B9%80%E0%B8%84%E0%B8%A5-%E0%B8%AD%E0%B8%99%E0%B9%84%E0%B8%AB%E0%B8%A7%E0%B9%83%E0%B8%99%E0%B8%81%E0%B8%A3%E0%B8%AD%E0%B8%9A%E0%B9%81%E0%B8%84%E0%B8%9A-%E0%B8%88-%E0%B8%9A%E0%B8%95%E0%B8%B2%E0%B9%80%E0%B8%87-%E0%B8%99%E0%B9%80%E0%B8%9F-%E0%B8%AD%E0%B8%AA%E0%B8%AB%E0%B8%A3-%E0%B8%90-%E0%B8%9B%E0%B8%A3%E0%B8%B0%E0%B8%8A-%E0%B8%A1-fomc
[Live] สวัสดีตอนเช้า วันที่ 13 ธันวาคม 2565,https://www.innovestx.co.th/wealth-playlist/detail/wealth-playlist/live-%E0%B8%AA%E0%B8%A7-%E0%B8%AA%E0%B8%94-%E0%B8%95%E0%B8%AD%E0%B8%99%E0%B9%80%E0%B8%8A-%E0%B8%B2-%E0%B8%A7-%E0%B8%99%E0%B8%97-13-%E0%B8%98-%E0%B8%99%E0%B8%A7%E0%B8%B2%E0%B8%84%E0%B8%A1-2565
Bull or Bear next week! : มอง BULL ต่อ ติดตามการประชุมเฟด,https://www.innovestx.co.th/wealth-playlist/detail/wealth-playlist/bull-or-bear-next-week!-%E0%B8%A1%E0%B8%AD%E0%B8%87-bull-%E0%B8%95-%E0%B8%AD-%E0%B8%95-%E0%B8%94%E0%B8%95%E0%B8%B2%E0%B8%A1%E0%B8%81%E0%B8%B2%E0%B8%A3%E0%B8%9B%E0%B8%A3%E0%B8%B0%E0%B8%8A-%E0%B8%A1%E0%B9%80%E0%B8%9F%E0%B8%94
Wealth weekend broadcast ทำไม? ตลาดหุ้นช่วงนี้ดูซบเซาราคาน้ำมันเป็น Contango ลงทุนอย่างไรดี?,https://www.innovestx.co.th/wealth-playlist/detail/wealth-playlist/wealth-weekend-broadcast-%E0%B8%97%E0%B8%B3%E0%B9%84%E0%B8%A1-%E0%B8%95%E0%B8%A5%E0%B8%B2%E0%B8%94%E0%B8%AB-%E0%B8%99%E0%B8%8A-%E0%B8%A7%E0%B8%87%E0%B8%99-%E0%B8%94-%E0%B8%8B%E0%B8%9A%E0%B9%80%E0%B8%8B%E0%B8%B2%E0%B8%A3%E0%B8%B2%E0%B8%84%E0%B8%B2%E0%B8%99-%E0%B8%B3%E0%B8%A1-%E0%B8%99%E0%B9%80%E0%B8%9B-%E0%B8%99-contango-%E0%B8%A5%E0%B8%87%E0%B8%97-%E0%B8%99%E0%B8%AD%E0%B8%A2-%E0%B8%B2%E0%B8%87%E0%B9%84%E0%B8%A3%E0%B8%94
"ทอล์คหุ้นพื้นฐาน 6 - 9 ธ.ค. 65 l อัปเดตหุ้นกลุ่มอาหารวิเคราะห์หุ้น BTG, XPG, AEONTS",https://www.innovestx.co.th/wealth-playlist/detail/wealth-playlist/%E0%B8%97%E0%B8%AD%E0%B8%A5-%E0%B8%84%E0%B8%AB-%E0%B8%99%E0%B8%9E-%E0%B8%99%E0%B8%90%E0%B8%B2%E0%B8%99-6---9-%E0%B8%98.%E0%B8%84.-65-l-%E0%B8%AD-%E0%B8%9B%E0%B9%80%E0%B8%94%E0%B8%95%E0%B8%AB-%E0%B8%99%E0%B8%81%E0%B8%A5-%E0%B8%A1%E0%B8%AD%E0%B8%B2%E0%B8%AB%E0%B8%B2%E0%B8%A3%E0%B8%A7-%E0%B9%80%E0%B8%84%E0%B8%A3%E0%B8%B2%E0%B8%B0%E0%B8%AB-%E0%B8%AB-%E0%B8%99-btg-xpg-aeonts
📋 Podcast สรุปภาวะตลาดหุ้นไทย 9 ธ.ค. 65 | SET แกว่งผันผวนในแดนบวกอ่อนๆ ฟื้นตัวตามตลาดต่างประเทศ,https://www.innovestx.co.th/wealth-playlist/detail/wealth-playlist/podcast-%E0%B8%AA%E0%B8%A3-%E0%B8%9B%E0%B8%A0%E0%B8%B2%E0%B8%A7%E0%B8%B0%E0%B8%95%E0%B8%A5%E0%B8%B2%E0%B8%94%E0%B8%AB-%E0%B8%99%E0%B9%84%E0%B8%97%E0%B8%A2-9-%E0%B8%98.%E0%B8%84.-65-set-%E0%B9%81%E0%B8%81%E0%B8%A7-%E0%B8%87%E0%B8%9C-%E0%B8%99%E0%B8%9C%E0%B8%A7%E0%B8%99%E0%B9%83%E0%B8%99%E0%B9%81%E0%B8%94%E0%B8%99%E0%B8%9A%E0%B8%A7%E0%B8%81%E0%B8%AD-%E0%B8%AD%E0%B8%99%E0%B9%86-%E0%B8%9F-%E0%B8%99%E0%B8%95-%E0%B8%A7%E0%B8%95%E0%B8%B2%E0%B8%A1%E0%B8%95%E0%B8%A5%E0%B8%B2%E0%B8%94%E0%B8%95-%E0%B8%B2%E0%B8%87%E0%B8%9B%E0%B8%A3%E0%B8%B0%E0%B9%80%E0%B8%97%E0%B8%A8
[Live] สวัสดีตอนเช้า วันที่ 9 ธันวาคม 2565,https://www.innovestx.co.th/wealth-playlist/detail/wealth-playlist/live-%E0%B8%AA%E0%B8%A7-%E0%B8%AA%E0%B8%94-%E0%B8%95%E0%B8%AD%E0%B8%99%E0%B9%80%E0%B8%8A-%E0%B8%B2-%E0%B8%A7-%E0%B8%99%E0%B8%97-9-%E0%B8%98-%E0%B8%99%E0%B8%A7%E0%B8%B2%E0%B8%84%E0%B8%A1-2565
📋Podcast สรุปตลาดหุ้นไทย 8 ธ.ค. 65 | SET แกว่งตัวกรอบแคบ มูลค่าซื้อขายเบาบาง ตลาดไร้ปัจจัยหนุนใหม่,https://www.innovestx.co.th/wealth-playlist/detail/wealth-playlist/podcast-%E0%B8%AA%E0%B8%A3-%E0%B8%9B%E0%B8%95%E0%B8%A5%E0%B8%B2%E0%B8%94%E0%B8%AB-%E0%B8%99%E0%B9%84%E0%B8%97%E0%B8%A2-8-%E0%B8%98.%E0%B8%84.-65-set-%E0%B9%81%E0%B8%81%E0%B8%A7-%E0%B8%87%E0%B8%95-%E0%B8%A7%E0%B8%81%E0%B8%A3%E0%B8%AD%E0%B8%9A%E0%B9%81%E0%B8%84%E0%B8%9A-%E0%B8%A1-%E0%B8%A5%E0%B8%84-%E0%B8%B2%E0%B8%8B-%E0%B8%AD%E0%B8%82%E0%B8%B2%E0%B8%A2%E0%B9%80%E0%B8%9A%E0%B8%B2%E0%B8%9A%E0%B8%B2%E0%B8%87-%E0%B8%95%E0%B8%A5%E0%B8%B2%E0%B8%94%E0%B9%84%E0%B8%A3-%E0%B8%9B-%E0%B8%88%E0%B8%88-%E0%B8%A2%E0%B8%AB%E0%B8%99-%E0%B8%99%E0%B9%83%E0%B8%AB%E0%B8%A1
[Live] สวัสดีตอนเช้า วันที่ 8 ธันวาคม 2565,https://www.innovestx.co.th/wealth-playlist/detail/wealth-playlist/live-%E0%B8%AA%E0%B8%A7-%E0%B8%AA%E0%B8%94-%E0%B8%95%E0%B8%AD%E0%B8%99%E0%B9%80%E0%B8%8A-%E0%B8%B2-%E0%B8%A7-%E0%B8%99%E0%B8%97-8-%E0%B8%98-%E0%B8%99%E0%B8%A7%E0%B8%B2%E0%B8%84%E0%B8%A1-2565
📋Podcast สรุปตลาดหุ้นไทย 7 ธ.ค. 65 | SET ปรับลง จากแรงขายหุ้นขนาดใหญ่ บาทกลับมาอ่อน-กระแสเงินไหลออก,https://www.innovestx.co.th/wealth-playlist/detail/wealth-playlist/podcast-%E0%B8%AA%E0%B8%A3-%E0%B8%9B%E0%B8%95%E0%B8%A5%E0%B8%B2%E0%B8%94%E0%B8%AB-%E0%B8%99%E0%B9%84%E0%B8%97%E0%B8%A2-7-%E0%B8%98.%E0%B8%84.-65-set-%E0%B8%9B%E0%B8%A3-%E0%B8%9A%E0%B8%A5%E0%B8%87-%E0%B8%88%E0%B8%B2%E0%B8%81%E0%B9%81%E0%B8%A3%E0%B8%87%E0%B8%82%E0%B8%B2%E0%B8%A2%E0%B8%AB-%E0%B8%99%E0%B8%82%E0%B8%99%E0%B8%B2%E0%B8%94%E0%B9%83%E0%B8%AB%E0%B8%8D-%E0%B8%9A%E0%B8%B2%E0%B8%97%E0%B8%81%E0%B8%A5-%E0%B8%9A%E0%B8%A1%E0%B8%B2%E0%B8%AD-%E0%B8%AD%E0%B8%99-%E0%B8%81%E0%B8%A3%E0%B8%B0%E0%B9%81%E0%B8%AA%E0%B9%80%E0%B8%87-%E0%B8%99%E0%B9%84%E0%B8%AB%E0%B8%A5%E0%B8%AD%E0%B8%AD%E0%B8%81
[Live] สวัสดีตอนเช้า วันที่ 7 ธันวาคม 2565,https://www.innovestx.co.th/wealth-playlist/detail/wealth-playlist/live-%E0%B8%AA%E0%B8%A7-%E0%B8%AA%E0%B8%94-%E0%B8%95%E0%B8%AD%E0%B8%99%E0%B9%80%E0%B8%8A-%E0%B8%B2-%E0%B8%A7-%E0%B8%99%E0%B8%97-7-%E0%B8%98-%E0%B8%99%E0%B8%A7%E0%B8%B2%E0%B8%84%E0%B8%A1-2565
📋Podcast สรุปตลาดหุ้นไทย 6 ธ.ค. 65 | SET ปรับลงจากแรงขายหุ้นใหญ่ ไร้ปัจจัยหนุน fund flow เริ่มไหลออก,https://www.innovestx.co.th/wealth-playlist/detail/wealth-playlist/podcast-%E0%B8%AA%E0%B8%A3-%E0%B8%9B%E0%B8%95%E0%B8%A5%E0%B8%B2%E0%B8%94%E0%B8%AB-%E0%B8%99%E0%B9%84%E0%B8%97%E0%B8%A2-6-%E0%B8%98.%E0%B8%84.-65-set-%E0%B8%9B%E0%B8%A3-%E0%B8%9A%E0%B8%A5%E0%B8%87%E0%B8%88%E0%B8%B2%E0%B8%81%E0%B9%81%E0%B8%A3%E0%B8%87%E0%B8%82%E0%B8%B2%E0%B8%A2%E0%B8%AB-%E0%B8%99%E0%B9%83%E0%B8%AB%E0%B8%8D-%E0%B9%84%E0%B8%A3-%E0%B8%9B-%E0%B8%88%E0%B8%88-%E0%B8%A2%E0%B8%AB%E0%B8%99-%E0%B8%99-fund-flow-%E0%B9%80%E0%B8%A3-%E0%B8%A1%E0%B9%84%E0%B8%AB%E0%B8%A5%E0%B8%AD%E0%B8%AD%E0%B8%81
[Live] สวัสดีตอนเช้า วันที่ 6 ธันวาคม 2565,https://www.innovestx.co.th/wealth-playlist/detail/wealth-playlist/live-%E0%B8%AA%E0%B8%A7-%E0%B8%AA%E0%B8%94-%E0%B8%95%E0%B8%AD%E0%B8%99%E0%B9%80%E0%B8%8A-%E0%B8%B2-%E0%B8%A7-%E0%B8%99%E0%B8%97-6-%E0%B8%98-%E0%B8%99%E0%B8%A7%E0%B8%B2%E0%B8%84%E0%B8%A1-2565
Wealth weekend broadcast เริ่มเห็นสัญญาณ fund flow ไหลกลับตลาดเอเชียเหนือ,https://www.innovestx.co.th/wealth-playlist/detail/wealth-playlist/wealth-weekend-broadcast-%E0%B9%80%E0%B8%A3-%E0%B8%A1%E0%B9%80%E0%B8%AB-%E0%B8%99%E0%B8%AA-%E0%B8%8D%E0%B8%8D%E0%B8%B2%E0%B8%93-fund-flow-%E0%B9%84%E0%B8%AB%E0%B8%A5%E0%B8%81%E0%B8%A5-%E0%B8%9A%E0%B8%95%E0%B8%A5%E0%B8%B2%E0%B8%94%E0%B9%80%E0%B8%AD%E0%B9%80%E0%B8%8A-%E0%B8%A2%E0%B9%80%E0%B8%AB%E0%B8%99-%E0%B8%AD
📋Podcast สรุปตลาดหุ้นไทย 2 ธ.ค. 65 | SET ปรับลง หลังจากวานนี้ขึ้นแรง และลดความเสี่ยงก่อนวันหยุดยาว,https://www.innovestx.co.th/wealth-playlist/detail/wealth-playlist/podcast-%E0%B8%AA%E0%B8%A3-%E0%B8%9B%E0%B8%95%E0%B8%A5%E0%B8%B2%E0%B8%94%E0%B8%AB-%E0%B8%99%E0%B9%84%E0%B8%97%E0%B8%A2-2-%E0%B8%98.%E0%B8%84.-65-set-%E0%B8%9B%E0%B8%A3-%E0%B8%9A%E0%B8%A5%E0%B8%87-%E0%B8%AB%E0%B8%A5-%E0%B8%87%E0%B8%88%E0%B8%B2%E0%B8%81%E0%B8%A7%E0%B8%B2%E0%B8%99%E0%B8%99-%E0%B8%82-%E0%B8%99%E0%B9%81%E0%B8%A3%E0%B8%87-%E0%B9%81%E0%B8%A5%E0%B8%B0%E0%B8%A5%E0%B8%94%E0%B8%84%E0%B8%A7%E0%B8%B2%E0%B8%A1%E0%B9%80%E0%B8%AA-%E0%B8%A2%E0%B8%87%E0%B8%81-%E0%B8%AD%E0%B8%99%E0%B8%A7-%E0%B8%99%E0%B8%AB%E0%B8%A2-%E0%B8%94%E0%B8%A2%E0%B8%B2%E0%B8%A7
"ทอล์คหุ้นพื้นฐาน สัปดาห์ 28 พ.ย.- 2 ธ.ค. 65 l สรุปประเด็น กนง.ขึ้นดอกเบี้ยอัปเดตหุ้น BDMS, CRC, MTC",https://www.innovestx.co.th/wealth-playlist/detail/wealth-playlist/%E0%B8%97%E0%B8%AD%E0%B8%A5-%E0%B8%84%E0%B8%AB-%E0%B8%99%E0%B8%9E-%E0%B8%99%E0%B8%90%E0%B8%B2%E0%B8%99-%E0%B8%AA-%E0%B8%9B%E0%B8%94%E0%B8%B2%E0%B8%AB-28-%E0%B8%9E.%E0%B8%A2.--2-%E0%B8%98.%E0%B8%84.-65-l-%E0%B8%AA%E0%B8%A3-%E0%B8%9B%E0%B8%9B%E0%B8%A3%E0%B8%B0%E0%B9%80%E0%B8%94-%E0%B8%99-%E0%B8%81%E0%B8%99%E0%B8%87.%E0%B8%82-%E0%B8%99%E0%B8%94%E0%B8%AD%E0%B8%81%E0%B9%80%E0%B8%9A-%E0%B8%A2%E0%B8%AD-%E0%B8%9B%E0%B9%80%E0%B8%94%E0%B8%95%E0%B8%AB-%E0%B8%99-bdms-crc-mtc
📋Podcast สรุปตลาดหุ้นไทย 1 ธันวาคม 2565 l SET ปรับขึ้นร้อนแรง หนุนจาก Fed ส่งสัญญาณชะลอขึ้นดบ.,https://www.innovestx.co.th/wealth-playlist/detail/wealth-playlist/podcast-%E0%B8%AA%E0%B8%A3-%E0%B8%9B%E0%B8%95%E0%B8%A5%E0%B8%B2%E0%B8%94%E0%B8%AB-%E0%B8%99%E0%B9%84%E0%B8%97%E0%B8%A2-1-%E0%B8%98-%E0%B8%99%E0%B8%A7%E0%B8%B2%E0%B8%84%E0%B8%A1-2565-l-set-%E0%B8%9B%E0%B8%A3-%E0%B8%9A%E0%B8%82-%E0%B8%99%E0%B8%A3-%E0%B8%AD%E0%B8%99%E0%B9%81%E0%B8%A3%E0%B8%87-%E0%B8%AB%E0%B8%99-%E0%B8%99%E0%B8%88%E0%B8%B2%E0%B8%81-fed-%E0%B8%AA-%E0%B8%87%E0%B8%AA-%E0%B8%8D%E0%B8%8D%E0%B8%B2%E0%B8%93%E0%B8%8A%E0%B8%B0%E0%B8%A5%E0%B8%AD%E0%B8%82-%E0%B8%99%E0%B8%94%E0%B8%9A
[Live] สวัสดีตอนเช้า วันที่ 1 ธันวาคม 2565,https://www.innovestx.co.th/wealth-playlist/detail/wealth-playlist/live-%E0%B8%AA%E0%B8%A7-%E0%B8%AA%E0%B8%94-%E0%B8%95%E0%B8%AD%E0%B8%99%E0%B9%80%E0%B8%8A-%E0%B8%B2-%E0%B8%A7-%E0%B8%99%E0%B8%97-1-%E0%B8%98-%E0%B8%99%E0%B8%A7%E0%B8%B2%E0%B8%84%E0%B8%A1-2565
[Live] สวัสดีตอนเช้า วันที่ 30 พฤศจิกายน 2565,https://www.innovestx.co.th/wealth-playlist/detail/wealth-playlist/live-%E0%B8%AA%E0%B8%A7-%E0%B8%AA%E0%B8%94-%E0%B8%95%E0%B8%AD%E0%B8%99%E0%B9%80%E0%B8%8A-%E0%B8%B2-%E0%B8%A7-%E0%B8%99%E0%B8%97-30-%E0%B8%9E%E0%B8%A4%E0%B8%A8%E0%B8%88-%E0%B8%81%E0%B8%B2%E0%B8%A2%E0%B8%99-2565
📋Podcast สรุปตลาดหุ้นไทย 29 พ.ย. 65 | SET ฟื้นตัวขึ้น นลท.คลายกังวลจีนผ่อนคลายมาตรกา,https://www.innovestx.co.th/wealth-playlist/detail/wealth-playlist/podcast-%E0%B8%AA%E0%B8%A3-%E0%B8%9B%E0%B8%95%E0%B8%A5%E0%B8%B2%E0%B8%94%E0%B8%AB-%E0%B8%99%E0%B9%84%E0%B8%97%E0%B8%A2-29-%E0%B8%9E.%E0%B8%A2.-65-set-%E0%B8%9F-%E0%B8%99%E0%B8%95-%E0%B8%A7%E0%B8%82-%E0%B8%99-%E0%B8%99%E0%B8%A5%E0%B8%97.%E0%B8%84%E0%B8%A5%E0%B8%B2%E0%B8%A2%E0%B8%81-%E0%B8%87%E0%B8%A7%E0%B8%A5%E0%B8%88-%E0%B8%99%E0%B8%9C-%E0%B8%AD%E0%B8%99%E0%B8%84%E0%B8%A5%E0%B8%B2%E0%B8%A2%E0%B8%A1%E0%B8%B2%E0%B8%95%E0%B8%A3%E0%B8%81%E0%B8%B2
📋Podcast สรุปตลาดหุ้นไทย 28 พ.ย. 65 | SET แกว่งซึมแดนลบ มูลค่าซื้อขายยังเบาบาง,https://www.innovestx.co.th/wealth-playlist/detail/wealth-playlist/podcast-%E0%B8%AA%E0%B8%A3-%E0%B8%9B%E0%B8%95%E0%B8%A5%E0%B8%B2%E0%B8%94%E0%B8%AB-%E0%B8%99%E0%B9%84%E0%B8%97%E0%B8%A2-28-%E0%B8%9E.%E0%B8%A2.-65-set-%E0%B9%81%E0%B8%81%E0%B8%A7-%E0%B8%87%E0%B8%8B-%E0%B8%A1%E0%B9%81%E0%B8%94%E0%B8%99%E0%B8%A5%E0%B8%9A-%E0%B8%A1-%E0%B8%A5%E0%B8%84-%E0%B8%B2%E0%B8%8B-%E0%B8%AD%E0%B8%82%E0%B8%B2%E0%B8%A2%E0%B8%A2-%E0%B8%87%E0%B9%80%E0%B8%9A%E0%B8%B2%E0%B8%9A%E0%B8%B2%E0%B8%87
[Live] สวัสดีตอนเช้า วันที่ 28 พฤศจิกายน 2565,https://www.innovestx.co.th/wealth-playlist/detail/wealth-playlist/live-%E0%B8%AA%E0%B8%A7-%E0%B8%AA%E0%B8%94-%E0%B8%95%E0%B8%AD%E0%B8%99%E0%B9%80%E0%B8%8A-%E0%B8%B2-%E0%B8%A7-%E0%B8%99%E0%B8%97-28-%E0%B8%9E%E0%B8%A4%E0%B8%A8%E0%B8%88-%E0%B8%81%E0%B8%B2%E0%B8%A2%E0%B8%99-2565
Bull or Bear next week! : มอง Bear ยังคงพักตัวรอปัจจัยหนุนใหม่,https://www.innovestx.co.th/wealth-playlist/detail/wealth-playlist/bull-or-bear-next-week!-%E0%B8%A1%E0%B8%AD%E0%B8%87-bear-%E0%B8%A2-%E0%B8%87%E0%B8%84%E0%B8%87%E0%B8%9E-%E0%B8%81%E0%B8%95-%E0%B8%A7%E0%B8%A3%E0%B8%AD%E0%B8%9B-%E0%B8%88%E0%B8%88-%E0%B8%A2%E0%B8%AB%E0%B8%99-%E0%B8%99%E0%B9%83%E0%B8%AB%E0%B8%A1
"Wealth Weekend Broadcast : ถ้าดอกเบี้ยผ่อนคลาย…ได้เวลา bull ตราสารหนี้?
หุ้นแนะนำไตรมาส 1 มีอะไรบ้าง",https://www.innovestx.co.th/wealth-playlist/detail/wealth-playlist/wealth-weekend-broadcast-%E0%B8%96-%E0%B8%B2%E0%B8%94%E0%B8%AD%E0%B8%81%E0%B9%80%E0%B8%9A-%E0%B8%A2%E0%B8%9C-%E0%B8%AD%E0%B8%99%E0%B8%84%E0%B8%A5%E0%B8%B2%E0%B8%A2-%E0%B9%84%E0%B8%94-%E0%B9%80%E0%B8%A7%E0%B8%A5%E0%B8%B2-bull-%E0%B8%95%E0%B8%A3%E0%B8%B2%E0%B8%AA%E0%B8%B2%E0%B8%A3%E0%B8%AB%E0%B8%99-%E0%B8%AB-%E0%B8%99%E0%B9%81%E0%B8%99%E0%B8%B0%E0%B8%99%E0%B8%B3%E0%B9%84%E0%B8%95%E0%B8%A3%E0%B8%A1%E0%B8%B2%E0%B8%AA-1-%E0%B8%A1-%E0%B8%AD%E0%B8%B0%E0%B9%84%E0%B8%A3%E0%B8%9A-%E0%B8%B2%E0%B8%87
[Live] สวัสดีตอนเช้า วันที่ 25 พฤศจิกายน 2565,https://www.innovestx.co.th/wealth-playlist/detail/wealth-playlist/live-%E0%B8%AA%E0%B8%A7-%E0%B8%AA%E0%B8%94-%E0%B8%95%E0%B8%AD%E0%B8%99%E0%B9%80%E0%B8%8A-%E0%B8%B2-%E0%B8%A7-%E0%B8%99%E0%B8%97-25-%E0%B8%9E%E0%B8%A4%E0%B8%A8%E0%B8%88-%E0%B8%81%E0%B8%B2%E0%B8%A2%E0%B8%99-2565
📋Podcast สรุปตลาดหุ้นไทย 24 พ.ย. 65 | SET พักตัวในกรอบแคบ การซื้อขายเบาบาง หลังวานนี้ปรับขึ้นโดดเด่น,https://www.innovestx.co.th/wealth-playlist/detail/wealth-playlist/podcast-%E0%B8%AA%E0%B8%A3-%E0%B8%9B%E0%B8%95%E0%B8%A5%E0%B8%B2%E0%B8%94%E0%B8%AB-%E0%B8%99%E0%B9%84%E0%B8%97%E0%B8%A2-24-%E0%B8%9E.%E0%B8%A2.-65-set-%E0%B8%9E-%E0%B8%81%E0%B8%95-%E0%B8%A7%E0%B9%83%E0%B8%99%E0%B8%81%E0%B8%A3%E0%B8%AD%E0%B8%9A%E0%B9%81%E0%B8%84%E0%B8%9A-%E0%B8%81%E0%B8%B2%E0%B8%A3%E0%B8%8B-%E0%B8%AD%E0%B8%82%E0%B8%B2%E0%B8%A2%E0%B9%80%E0%B8%9A%E0%B8%B2%E0%B8%9A%E0%B8%B2%E0%B8%87-%E0%B8%AB%E0%B8%A5-%E0%B8%87%E0%B8%A7%E0%B8%B2%E0%B8%99%E0%B8%99-%E0%B8%9B%E0%B8%A3-%E0%B8%9A%E0%B8%82-%E0%B8%99%E0%B9%82%E0%B8%94%E0%B8%94%E0%B9%80%E0%B8%94-%E0%B8%99
"ทอล์คหุ้นพื้นฐาน สัปดาห์ 21 - 25 พ.ย. 65 l เตรียมพร้อมการลงทุนใน 1Q23 อัปเดตหุ้น AOT, GPSC",https://www.innovestx.co.th/wealth-playlist/detail/wealth-playlist/%E0%B8%97%E0%B8%AD%E0%B8%A5-%E0%B8%84%E0%B8%AB-%E0%B8%99%E0%B8%9E-%E0%B8%99%E0%B8%90%E0%B8%B2%E0%B8%99-%E0%B8%AA-%E0%B8%9B%E0%B8%94%E0%B8%B2%E0%B8%AB-21---22-%E0%B8%9E.%E0%B8%A2.-65-l-%E0%B9%80%E0%B8%95%E0%B8%A3-%E0%B8%A2%E0%B8%A1%E0%B8%9E%E0%B8%A3-%E0%B8%AD%E0%B8%A1%E0%B8%81%E0%B8%B2%E0%B8%A3%E0%B8%A5%E0%B8%87%E0%B8%97-%E0%B8%99%E0%B9%83%E0%B8%99-1q23-%E0%B8%AD-%E0%B8%9B%E0%B9%80%E0%B8%94%E0%B8%95%E0%B8%AB-%E0%B8%99-aot-gpsc
[Live] สวัสดีตอนเช้า วันที่ 24 พฤศจิกายน 2565,https://www.innovestx.co.th/wealth-playlist/detail/wealth-playlist/live-%E0%B8%AA%E0%B8%A7-%E0%B8%AA%E0%B8%94-%E0%B8%95%E0%B8%AD%E0%B8%99%E0%B9%80%E0%B8%8A-%E0%B8%B2-%E0%B8%A7-%E0%B8%99%E0%B8%97-24-%E0%B8%9E%E0%B8%A4%E0%B8%A8%E0%B8%88-%E0%B8%81%E0%B8%B2%E0%B8%A2%E0%B8%99-2565
[Live] สวัสดีตอนเช้า วันที่ 23 พฤศจิกายน 2565,https://www.innovestx.co.th/wealth-playlist/detail/wealth-playlist/live-%E0%B8%AA%E0%B8%A7-%E0%B8%AA%E0%B8%94-%E0%B8%95%E0%B8%AD%E0%B8%99%E0%B9%80%E0%B8%8A-%E0%B8%B2-%E0%B8%A7-%E0%B8%99%E0%B8%97-23-%E0%B8%9E%E0%B8%A4%E0%B8%A8%E0%B8%88-%E0%B8%81%E0%B8%B2%E0%B8%A2%E0%B8%99-2565
[Live] สวัสดีตอนเช้า วันที่ 22 พฤศจิกายน 2565,https://www.innovestx.co.th/wealth-playlist/detail/wealth-playlist/live-%E0%B8%AA%E0%B8%A7-%E0%B8%AA%E0%B8%94-%E0%B8%95%E0%B8%AD%E0%B8%99%E0%B9%80%E0%B8%8A-%E0%B8%B2-%E0%B8%A7-%E0%B8%99%E0%B8%97-22-%E0%B8%9E%E0%B8%A4%E0%B8%A8%E0%B8%88-%E0%B8%81%E0%B8%B2%E0%B8%A2%E0%B8%99-2565
📋Podcast สรุปตลาดหุ้นไทย 21 พ.ย. 65 | SET แกว่งแคบ มูลค่าซื้อขายเบาบาง หุ้นใหญ่พักตัว,https://www.innovestx.co.th/wealth-playlist/detail/wealth-playlist/podcast-%E0%B8%AA%E0%B8%A3-%E0%B8%9B%E0%B8%95%E0%B8%A5%E0%B8%B2%E0%B8%94%E0%B8%AB-%E0%B8%99%E0%B9%84%E0%B8%97%E0%B8%A2-21-%E0%B8%9E.%E0%B8%A2.-65-set-%E0%B9%81%E0%B8%81%E0%B8%A7-%E0%B8%87%E0%B9%81%E0%B8%84%E0%B8%9A-%E0%B8%A1-%E0%B8%A5%E0%B8%84-%E0%B8%B2%E0%B8%8B-%E0%B8%AD%E0%B8%82%E0%B8%B2%E0%B8%A2%E0%B9%80%E0%B8%9A%E0%B8%B2%E0%B8%9A%E0%B8%B2%E0%B8%87-%E0%B8%AB-%E0%B8%99%E0%B9%83%E0%B8%AB%E0%B8%8D-%E0%B8%9E-%E0%B8%81%E0%B8%95-%E0%B8%A7
[Live] สวัสดีตอนเช้า วันที่ 21 พฤศจิกายน 2565,https://www.innovestx.co.th/wealth-playlist/detail/wealth-playlist/live-%E0%B8%AA%E0%B8%A7-%E0%B8%AA%E0%B8%94-%E0%B8%95%E0%B8%AD%E0%B8%99%E0%B9%80%E0%B8%8A-%E0%B8%B2-%E0%B8%A7-%E0%B8%99%E0%B8%97-21-%E0%B8%9E%E0%B8%A4%E0%B8%A8%E0%B8%88-%E0%B8%81%E0%B8%B2%E0%B8%A2%E0%B8%99-2565
Bull or Bear next week! : มอง BEAR ยังคงขาดปัจจัยหนุน หลังต่างชาติเทขายหุ้นไทย (ประจำสัปดาห์ 21 พ.ย. 65),https://www.innovestx.co.th/wealth-playlist/detail/wealth-playlist/bull-or-bear-next-week!-%E0%B8%A1%E0%B8%AD%E0%B8%87-bear-%E0%B8%A2-%E0%B8%87%E0%B8%84%E0%B8%87%E0%B8%82%E0%B8%B2%E0%B8%94%E0%B8%9B-%E0%B8%88%E0%B8%88-%E0%B8%A2%E0%B8%AB%E0%B8%99-%E0%B8%99-%E0%B8%AB%E0%B8%A5-%E0%B8%87%E0%B8%95-%E0%B8%B2%E0%B8%87%E0%B8%8A%E0%B8%B2%E0%B8%95-%E0%B9%80%E0%B8%97%E0%B8%82%E0%B8%B2%E0%B8%A2%E0%B8%AB-%E0%B8%99%E0%B9%84%E0%B8%97%E0%B8%A2-(%E0%B8%9B%E0%B8%A3%E0%B8%B0%E0%B8%88%E0%B8%B3%E0%B8%AA-%E0%B8%9B%E0%B8%94%E0%B8%B2%E0%B8%AB-21-%E0%B8%9E.%E0%B8%A2.-65)
[Live] สวัสดีตอนเช้า วันที่ 18 พฤศจิกายน 2565,https://www.innovestx.co.th/wealth-playlist/detail/wealth-playlist/live-%E0%B8%AA%E0%B8%A7-%E0%B8%AA%E0%B8%94-%E0%B8%95%E0%B8%AD%E0%B8%99%E0%B9%80%E0%B8%8A-%E0%B8%B2-%E0%B8%A7-%E0%B8%99%E0%B8%97-18-%E0%B8%9E%E0%B8%A4%E0%B8%A8%E0%B8%88-%E0%B8%81%E0%B8%B2%E0%B8%A2%E0%B8%99-2565
📋Podcast สรุปหุ้นไทย 17 พ.ย. 65 | SET แกว่งซึมและอ่อนตัวลงต่อ ตลาดไร้ปัจจัยใหม่หนุน,https://www.innovestx.co.th/wealth-playlist/detail/wealth-playlist/podcast-%E0%B8%AA%E0%B8%A3-%E0%B8%9B%E0%B8%AB-%E0%B8%99%E0%B9%84%E0%B8%97%E0%B8%A2-17-%E0%B8%9E.%E0%B8%A2.-65-set-%E0%B9%81%E0%B8%81%E0%B8%A7-%E0%B8%87%E0%B8%8B-%E0%B8%A1%E0%B9%81%E0%B8%A5%E0%B8%B0%E0%B8%AD-%E0%B8%AD%E0%B8%99%E0%B8%95-%E0%B8%A7%E0%B8%A5%E0%B8%87%E0%B8%95-%E0%B8%AD-%E0%B8%95%E0%B8%A5%E0%B8%B2%E0%B8%94%E0%B9%84%E0%B8%A3-%E0%B8%9B-%E0%B8%88%E0%B8%88-%E0%B8%A2%E0%B9%83%E0%B8%AB%E0%B8%A1-%E0%B8%AB%E0%B8%99-%E0%B8%99
[Live] สวัสดีตอนเช้า วันที่ 17 พฤศจิกายน 2565,https://www.innovestx.co.th/wealth-playlist/detail/wealth-playlist/live-%E0%B8%AA%E0%B8%A7-%E0%B8%AA%E0%B8%94-%E0%B8%95%E0%B8%AD%E0%B8%99%E0%B9%80%E0%B8%8A-%E0%B8%B2-%E0%B8%A7-%E0%B8%99%E0%B8%97-17-%E0%B8%9E%E0%B8%A4%E0%B8%A8%E0%B8%88-%E0%B8%81%E0%B8%B2%E0%B8%A2%E0%B8%99-2565
📋Podcast สรุปหุ้นไทย 16 พ.ย. 65 | SET ปรับลงจากแรงขายหลังหมดช่วงเก็งกำไรงบฯ ตึงเครียดสงคราม,https://www.innovestx.co.th/wealth-playlist/detail/wealth-playlist/podcast-%E0%B8%AA%E0%B8%A3-%E0%B8%9B%E0%B8%AB-%E0%B8%99%E0%B9%84%E0%B8%97%E0%B8%A2-16-%E0%B8%9E.%E0%B8%A2.-65-set-%E0%B8%9B%E0%B8%A3-%E0%B8%9A%E0%B8%A5%E0%B8%87%E0%B8%88%E0%B8%B2%E0%B8%81%E0%B9%81%E0%B8%A3%E0%B8%87%E0%B8%82%E0%B8%B2%E0%B8%A2%E0%B8%AB%E0%B8%A5-%E0%B8%87%E0%B8%AB%E0%B8%A1%E0%B8%94%E0%B8%8A-%E0%B8%A7%E0%B8%87%E0%B9%80%E0%B8%81-%E0%B8%87%E0%B8%81%E0%B8%B3%E0%B9%84%E0%B8%A3%E0%B8%87%E0%B8%9A%E0%B8%AF-%E0%B8%95-%E0%B8%87%E0%B9%80%E0%B8%84%E0%B8%A3-%E0%B8%A2%E0%B8%94%E0%B8%AA%E0%B8%87%E0%B8%84%E0%B8%A3%E0%B8%B2%E0%B8%A1
📋Podcast สรุปหุ้นไทย 15 พ.ย. 65 | SET ผันผวนแต่ฟื้นตัว จากกระแสเงินไหลเข้าหุ้นใหญ่-เก็งกำไรรายงานงบ,https://www.innovestx.co.th/wealth-playlist/detail/wealth-playlist/podcast-%E0%B8%AA%E0%B8%A3-%E0%B8%9B%E0%B8%AB-%E0%B8%99%E0%B9%84%E0%B8%97%E0%B8%A2-15-%E0%B8%9E.%E0%B8%A2.-65-set-%E0%B8%9C-%E0%B8%99%E0%B8%9C%E0%B8%A7%E0%B8%99%E0%B9%81%E0%B8%95-%E0%B8%9F-%E0%B8%99%E0%B8%95-%E0%B8%A7-%E0%B8%88%E0%B8%B2%E0%B8%81%E0%B8%81%E0%B8%A3%E0%B8%B0%E0%B9%81%E0%B8%AA%E0%B9%80%E0%B8%87-%E0%B8%99%E0%B9%84%E0%B8%AB%E0%B8%A5%E0%B9%80%E0%B8%82-%E0%B8%B2%E0%B8%AB-%E0%B8%99%E0%B9%83%E0%B8%AB%E0%B8%8D--%E0%B9%80%E0%B8%81-%E0%B8%87%E0%B8%81%E0%B8%B3%E0%B9%84%E0%B8%A3%E0%B8%A3%E0%B8%B2%E0%B8%A2%E0%B8%87%E0%B8%B2%E0%B8%99%E0%B8%87%E0%B8%9A
"ทอล์คหุ้นพื้นฐาน สัปดาห์ 7 - 11 พ.ย. 65 l Review งบของไตรมาส 3 
เจ็ดหุ้นใหญ่มีอะไรบ้าง?",https://www.innovestx.co.th/wealth-playlist/detail/wealth-playlist/%E0%B8%97%E0%B8%AD%E0%B8%A5-%E0%B8%84%E0%B8%AB-%E0%B8%99%E0%B8%9E-%E0%B8%99%E0%B8%90%E0%B8%B2%E0%B8%99-%E0%B8%AA-%E0%B8%9B%E0%B8%94%E0%B8%B2%E0%B8%AB-7---11-%E0%B8%9E.%E0%B8%A2.-65-l-review-%E0%B8%87%E0%B8%9A%E0%B8%82%E0%B8%AD%E0%B8%87%E0%B9%84%E0%B8%95%E0%B8%A3%E0%B8%A1%E0%B8%B2%E0%B8%AA-3-%E0%B9%80%E0%B8%88-%E0%B8%94%E0%B8%AB-%E0%B8%99%E0%B9%83%E0%B8%AB%E0%B8%8D-%E0%B8%A1-%E0%B8%AD%E0%B8%B0%E0%B9%84%E0%B8%A3%E0%B8%9A-%E0%B8%B2%E0%B8%87
Bull or Bear next week! : มอง BEAR ตลาดมี Upside จำกัด,https://www.innovestx.co.th/wealth-playlist/detail/wealth-playlist/bull-or-bear-next-week!-%E0%B8%A1%E0%B8%AD%E0%B8%87-bear-%E0%B8%95%E0%B8%A5%E0%B8%B2%E0%B8%94%E0%B8%A1-upside-%E0%B8%88%E0%B8%B3%E0%B8%81-%E0%B8%94
Wealth Weekend Broadcast : เงินเฟ้อสหรัฐฯต่ำคาดแล้ว…รอหรือลุย?,https://www.innovestx.co.th/wealth-playlist/detail/wealth-playlist/wealth-weekend-broadcast-%E0%B9%80%E0%B8%87-%E0%B8%99%E0%B9%80%E0%B8%9F-%E0%B8%AD%E0%B8%AA%E0%B8%AB%E0%B8%A3-%E0%B8%90%E0%B8%AF%E0%B8%95-%E0%B8%B3%E0%B8%84%E0%B8%B2%E0%B8%94%E0%B9%81%E0%B8%A5-%E0%B8%A7-%E0%B8%A3%E0%B8%AD%E0%B8%AB%E0%B8%A3-%E0%B8%AD%E0%B8%A5-%E0%B8%A2
[Live] สวัสดีตอนเช้า 16/11/2565,https://www.innovestx.co.th/wealth-playlist/detail/wealth-playlist/live-%E0%B8%AA%E0%B8%A7-%E0%B8%AA%E0%B8%94-%E0%B8%95%E0%B8%AD%E0%B8%99%E0%B9%80%E0%B8%8A-%E0%B8%B2-16-11-2565
รายการ ทอล์คหุ้นพื้นฐาน กับ InnovestX | อัปเดตมุมมอง จาก Site Visit : LH AOT และมุมมองกลุ่มพาณิชย์,https://www.innovestx.co.th/wealth-playlist/detail/wealth-playlist/Talk-Hoon-30Sep
วิเคราะห์ให้ฟังกันสด ๆ ทุกวันจันทร์ถึงศุกร์ เวลา 17.45 น. โดยประมาณ,https://www.innovestx.co.th/wealth-playlist/detail/wealth-playlist/stock-summary-3Oct
Aom to the Goal l EP.2 เทรนด์แห่งอนาคต รถไฟฟ้าที่อั๋นอยากได้ ! l คุณอั๋น อัครพรรฒ บุนนาค,https://www.innovestx.co.th/wealth-playlist/detail/wealth-playlist/aom-to-the-goal-l-ep.2
"Bull or Bear next week! : SET มอง Bull downside เริ่มจำกัด ลุ้น Rebound, Dollar เริ่มพักตัว จับตาบาท น้ำมัน ทองคำเด้ง
SWAD MTC TIDLOR ดูดีๆ มีรางวัล หุ้นเด่นสัปดาห์หน้า เลือกหุ้นฟอร์มขึ้นคลื่น 5 และมีซิ่งเหมือนเดิม",https://www.innovestx.co.th/wealth-playlist/detail/wealth-playlist/Bull-or-Bear-30Sep22
#InnovestXLIVE ตัวไหนรอด! ตัวไหนร่วง! เปิดกลยุทธ์โค้งสุดท้าย Q4,https://www.innovestx.co.th/wealth-playlist/detail/wealth-playlist/InnovestXlive-Q4-strategy
Wealth Weekend Broadcast : QE&QT ทำตลาดผันผวนส่งท้าย Q3…ลุ้นฟื้นตัว Q4 Bottom ไหม? จุดซื้ออยู่ตรงไหน,https://www.innovestx.co.th/wealth-playlist/detail/wealth-playlist/wwk-q3
#ปรับพอร์ต ต.ค. “ฝ่ามรสุมพายุการลงทุน ถือเงินสด 45%”,https://www.innovestx.co.th/wealth-playlist/detail/wealth-playlist/%E0%B8%9B%E0%B8%A3-%E0%B8%9A%E0%B8%9E%E0%B8%AD%E0%B8%A3-%E0%B8%95-%E0%B8%95.%E0%B8%84.-%E0%B8%9D-%E0%B8%B2%E0%B8%A1%E0%B8%A3%E0%B8%AA-%E0%B8%A1%E0%B8%9E%E0%B8%B2%E0%B8%A2-%E0%B8%81%E0%B8%B2%E0%B8%A3%E0%B8%A5%E0%B8%87%E0%B8%97-%E0%B8%99-%E0%B8%96-%E0%B8%AD%E0%B9%80%E0%B8%87-%E0%B8%99%E0%B8%AA%E0%B8%94-45
Second Half 2022 Investment Outlook,https://www.innovestx.co.th/wealth-playlist/detail/wealth-playlist/second-half-2022-investment-outlook
ย่อยภาพการลงทุนพร้อมมุมมองประจำสัปดาห์ ทุกวันศุกร์  เวลา 18.00 น.,https://www.innovestx.co.th/wealth-playlist/detail/wealth-playlist/%E0%B8%A2-%E0%B8%AD%E0%B8%A2%E0%B8%A0%E0%B8%B2%E0%B8%9E%E0%B8%81%E0%B8%B2%E0%B8%A3%E0%B8%A5%E0%B8%87%E0%B8%97-%E0%B8%99%E0%B8%9E%E0%B8%A3-%E0%B8%AD%E0%B8%A1%E0%B8%A1-%E0%B8%A1%E0%B8%A1%E0%B8%AD%E0%B8%87%E0%B8%9B%E0%B8%A3%E0%B8%B0%E0%B8%88%E0%B8%B3%E0%B8%AA-%E0%B8%9B%E0%B8%94%E0%B8%B2%E0%B8%AB-%E0%B8%97-%E0%B8%81%E0%B8%A7-%E0%B8%99%E0%B8%A8-%E0%B8%81%E0%B8%A3-%E0%B9%80%E0%B8%A7%E0%B8%A5%E0%B8%B2-18.00-%E0%B8%99
วิเคราะห์ให้ฟังกันสด ๆ ทุกวันจันทร์ถึงศุกร์ เวลา 17.45 น. โดยประมาณ,https://www.innovestx.co.th/wealth-playlist/detail/wealth-playlist/%E0%B8%A7-%E0%B9%80%E0%B8%84%E0%B8%A3%E0%B8%B2%E0%B8%B0%E0%B8%AB-%E0%B9%83%E0%B8%AB-%E0%B8%9F-%E0%B8%87%E0%B8%81-%E0%B8%99%E0%B8%AA%E0%B8%94-%E0%B9%86-%E0%B8%97-%E0%B8%81%E0%B8%A7-%E0%B8%99%E0%B8%88-%E0%B8%99%E0%B8%97%E0%B8%A3-%E0%B8%96-%E0%B8%87%E0%B8%A8-%E0%B8%81%E0%B8%A3-%E0%B9%80%E0%B8%A7%E0%B8%A5%E0%B8%B2-17.45-%E0%B8%99.-%E0%B9%82%E0%B8%94%E0%B8%A2%E0%B8%9B%E0%B8%A3%E0%B8%B0%E0%B8%A1%E0%B8%B2%E0%B8%93
คุยเรื่องการลงทุนแบบเข้าใจง่ายๆ ทุกวันพฤหัสบดี  เวลา 18.00 น.,https://www.innovestx.co.th/wealth-playlist/detail/wealth-playlist/%E0%B8%84-%E0%B8%A2%E0%B9%80%E0%B8%A3-%E0%B8%AD%E0%B8%87%E0%B8%81%E0%B8%B2%E0%B8%A3%E0%B8%A5%E0%B8%87%E0%B8%97-%E0%B8%99%E0%B9%81%E0%B8%9A%E0%B8%9A%E0%B9%80%E0%B8%82-%E0%B8%B2%E0%B9%83%E0%B8%88%E0%B8%87-%E0%B8%B2%E0%B8%A2%E0%B9%86-%E0%B8%97-%E0%B8%81%E0%B8%A7-%E0%B8%99%E0%B8%9E%E0%B8%A4%E0%B8%AB-%E0%B8%AA%E0%B8%9A%E0%B8%94-%E0%B9%80%E0%B8%A7%E0%B8%A5%E0%B8%B2-18.00-%E0%B8%99
ชวนคุณมาปรับพอร์ตการลงทุนให้เข้ากับสถานการณ์ กลยุทธ์พอร์ตแนะนำทั้งกองทุนรวมและ ETF,https://www.innovestx.co.th/wealth-playlist/detail/wealth-playlist/%E0%B8%8A%E0%B8%A7%E0%B8%99%E0%B8%84-%E0%B8%93%E0%B8%A1%E0%B8%B2%E0%B8%9B%E0%B8%A3-%E0%B8%9A%E0%B8%9E%E0%B8%AD%E0%B8%A3-%E0%B8%95%E0%B8%81%E0%B8%B2%E0%B8%A3%E0%B8%A5%E0%B8%87%E0%B8%97-%E0%B8%99%E0%B9%83%E0%B8%AB-%E0%B9%80%E0%B8%82-%E0%B8%B2%E0%B8%81-%E0%B8%9A%E0%B8%AA%E0%B8%96%E0%B8%B2%E0%B8%99%E0%B8%81%E0%B8%B2%E0%B8%A3%E0%B8%93-%E0%B8%81%E0%B8%A5%E0%B8%A2-%E0%B8%97%E0%B8%98-%E0%B8%9E%E0%B8%AD%E0%B8%A3-%E0%B8%95%E0%B9%81%E0%B8%99%E0%B8%B0%E0%B8%99%E0%B8%B3%E0%B8%97-%E0%B8%87%E0%B8%81%E0%B8%AD%E0%B8%87%E0%B8%97-%E0%B8%99%E0%B8%A3%E0%B8%A7%E0%B8%A1%E0%B9%81%E0%B8%A5%E0%B8%B0-etf
รวมพลสุดยอดมุมมองการลงทุนครึ่งปีหลังจาก 19 บลจ. พร้อมเผยกลยุทธ์การลงทุน กับ 6 ธีมการลงทุน,https://www.innovestx.co.th/wealth-playlist/detail/wealth-playlist/%E0%B8%A3%E0%B8%A7%E0%B8%A1%E0%B8%9E%E0%B8%A5%E0%B8%AA-%E0%B8%94%E0%B8%A2%E0%B8%AD%E0%B8%94%E0%B8%A1-%E0%B8%A1%E0%B8%A1%E0%B8%AD%E0%B8%87%E0%B8%81%E0%B8%B2%E0%B8%A3%E0%B8%A5%E0%B8%87%E0%B8%97-%E0%B8%99%E0%B8%84%E0%B8%A3-%E0%B8%87%E0%B8%9B-%E0%B8%AB%E0%B8%A5-%E0%B8%87%E0%B8%88%E0%B8%B2%E0%B8%81-19-%E0%B8%9A%E0%B8%A5%E0%B8%88.-%E0%B8%9E%E0%B8%A3-%E0%B8%AD%E0%B8%A1%E0%B9%80%E0%B8%9C%E0%B8%A2%E0%B8%81%E0%B8%A5%E0%B8%A2-%E0%B8%97%E0%B8%98-%E0%B8%81%E0%B8%B2%E0%B8%A3%E0%B8%A5%E0%B8%87%E0%B8%97-%E0%B8%99-%E0%B8%81-%E0%B8%9A-6-%E0%B8%98-%E0%B8%A1%E0%B8%81%E0%B8%B2%E0%B8%A3%E0%B8%A5%E0%B8%87%E0%B8%97-%E0%B8%99
สรุปภาวะตลาดหุ้นไทย 14 ก.ค. 65 | SET ร่วงต่อ กังวล Fed ขึ้น ด.บ.แรงหลังเงินเฟ้อพุ่งเกินคาด,https://www.innovestx.co.th/wealth-playlist/detail/wealth-playlist/%E0%B8%AA%E0%B8%A3-%E0%B8%9B%E0%B8%A0%E0%B8%B2%E0%B8%A7%E0%B8%B0%E0%B8%95%E0%B8%A5%E0%B8%B2%E0%B8%94%E0%B8%AB-%E0%B8%99%E0%B9%84%E0%B8%97%E0%B8%A2-14-%E0%B8%81.%E0%B8%84.-65-set-%E0%B8%A3-%E0%B8%A7%E0%B8%87%E0%B8%95-%E0%B8%AD-%E0%B8%81-%E0%B8%87%E0%B8%A7%E0%B8%A5-fed-%E0%B8%82-%E0%B8%99-%E0%B8%94.%E0%B8%9A.%E0%B9%81%E0%B8%A3%E0%B8%87%E0%B8%AB%E0%B8%A5-%E0%B8%87%E0%B9%80%E0%B8%87-%E0%B8%99%E0%B9%80%E0%B8%9F-%E0%B8%AD%E0%B8%9E-%E0%B8%87%E0%B9%80%E0%B8%81-%E0%B8%99%E0%B8%84%E0%B8%B2%E0%B8%94
มุมมองประเด็นที่น่าสนใจในรอบสัปดาห์ ทุกวันเสาร์ 09.00 น.,https://www.innovestx.co.th/wealth-playlist/detail/wealth-playlist/recession-fear-set
ทอล์คหุ้นพื้นฐาน ประจำสัปดาห์ 4 ก.ค. - 8 ก.ค. 65 l กลุ่มธนาคาร - กำไรปกติเพิ่ม 22% YoY ทรงตัว QoQ,https://www.innovestx.co.th/wealth-playlist/detail/wealth-playlist/talkstock-4jul2022
